-- MySQL dump 10.13  Distrib 5.5.34, for Linux (x86_64)
--
-- Host: localhost    Database: martesma_saaremaa2012
-- ------------------------------------------------------
-- Server version	5.5.34-log

/*!40101 SET @OLD_CHARACTER_SET_CLIENT=@@CHARACTER_SET_CLIENT */;
/*!40101 SET @OLD_CHARACTER_SET_RESULTS=@@CHARACTER_SET_RESULTS */;
/*!40101 SET @OLD_COLLATION_CONNECTION=@@COLLATION_CONNECTION */;
/*!40101 SET NAMES utf8 */;
/*!40103 SET @OLD_TIME_ZONE=@@TIME_ZONE */;
/*!40103 SET TIME_ZONE='+00:00' */;
/*!40014 SET @OLD_UNIQUE_CHECKS=@@UNIQUE_CHECKS, UNIQUE_CHECKS=0 */;
/*!40014 SET @OLD_FOREIGN_KEY_CHECKS=@@FOREIGN_KEY_CHECKS, FOREIGN_KEY_CHECKS=0 */;
/*!40101 SET @OLD_SQL_MODE=@@SQL_MODE, SQL_MODE='NO_AUTO_VALUE_ON_ZERO' */;
/*!40111 SET @OLD_SQL_NOTES=@@SQL_NOTES, SQL_NOTES=0 */;

--
-- Table structure for table `biotopes`
--

DROP TABLE IF EXISTS `biotopes`;
/*!40101 SET @saved_cs_client     = @@character_set_client */;
/*!40101 SET character_set_client = utf8 */;
CREATE TABLE `biotopes` (
  `id` int(11) NOT NULL AUTO_INCREMENT,
  `biotope` varchar(50) DEFAULT NULL,
  PRIMARY KEY (`id`)
) ENGINE=MyISAM AUTO_INCREMENT=17 DEFAULT CHARSET=utf8;
/*!40101 SET character_set_client = @saved_cs_client */;

--
-- Dumping data for table `biotopes`
--

LOCK TABLES `biotopes` WRITE;
/*!40000 ALTER TABLE `biotopes` DISABLE KEYS */;
INSERT INTO `biotopes` VALUES (1,'Reedbed'),(2,'Dry open area'),(3,'Wet open area'),(4,'Dry shrub'),(5,'Wet shrub'),(16,'Open/Forest'),(15,'Wet forest'),(14,'Dry forest'),(12,'Mire'),(13,'Human settl.');
/*!40000 ALTER TABLE `biotopes` ENABLE KEYS */;
UNLOCK TABLES;

--
-- Table structure for table `distance_from_waters`
--

DROP TABLE IF EXISTS `distance_from_waters`;
/*!40101 SET @saved_cs_client     = @@character_set_client */;
/*!40101 SET character_set_client = utf8 */;
CREATE TABLE `distance_from_waters` (
  `id` int(11) NOT NULL AUTO_INCREMENT,
  `distance_from_water` varchar(50) DEFAULT NULL,
  PRIMARY KEY (`id`)
) ENGINE=MyISAM AUTO_INCREMENT=6 DEFAULT CHARSET=utf8;
/*!40101 SET character_set_client = @saved_cs_client */;

--
-- Dumping data for table `distance_from_waters`
--

LOCK TABLES `distance_from_waters` WRITE;
/*!40000 ALTER TABLE `distance_from_waters` DISABLE KEYS */;
INSERT INTO `distance_from_waters` VALUES (1,'less than 5 m'),(2,'5 - 25 m'),(3,'25 - 100 m'),(4,'100 - 200 m'),(5,'more than 200 m');
/*!40000 ALTER TABLE `distance_from_waters` ENABLE KEYS */;
UNLOCK TABLES;

--
-- Table structure for table `obsers`
--

DROP TABLE IF EXISTS `obsers`;
/*!40101 SET @saved_cs_client     = @@character_set_client */;
/*!40101 SET character_set_client = utf8 */;
CREATE TABLE `obsers` (
  `id` int(11) NOT NULL AUTO_INCREMENT,
  `observer` varchar(50) DEFAULT NULL,
  PRIMARY KEY (`id`)
) ENGINE=MyISAM AUTO_INCREMENT=19 DEFAULT CHARSET=utf8;
/*!40101 SET character_set_client = @saved_cs_client */;

--
-- Dumping data for table `obsers`
--

LOCK TABLES `obsers` WRITE;
/*!40000 ALTER TABLE `obsers` DISABLE KEYS */;
INSERT INTO `obsers` VALUES (1,'Tiit Maran'),(2,'Madis Põdra'),(3,'Riina Lillemäe'),(4,'Selve Pitsal'),(5,'Gennadi Kotsur'),(6,'Marek Põld'),(7,'Marko Kübarsepp'),(8,'Martin Silts'),(9,'Kairi Kiik'),(10,'Bob Shelton'),(11,'Sonia Oreca'),(12,'Raido Kont'),(13,'Kaur Maran'),(14,'Asa Lycke'),(15,'Marianne Haage'),(16,'Andreola Valleryd'),(17,'Karla García'),(18,'Mireia Plaza');
/*!40000 ALTER TABLE `obsers` ENABLE KEYS */;
UNLOCK TABLES;

--
-- Table structure for table `precipitations`
--

DROP TABLE IF EXISTS `precipitations`;
/*!40101 SET @saved_cs_client     = @@character_set_client */;
/*!40101 SET character_set_client = utf8 */;
CREATE TABLE `precipitations` (
  `id` int(11) NOT NULL AUTO_INCREMENT,
  `precipitation` varchar(50) DEFAULT NULL,
  PRIMARY KEY (`id`)
) ENGINE=MyISAM AUTO_INCREMENT=9 DEFAULT CHARSET=utf8;
/*!40101 SET character_set_client = @saved_cs_client */;

--
-- Dumping data for table `precipitations`
--

LOCK TABLES `precipitations` WRITE;
/*!40000 ALTER TABLE `precipitations` DISABLE KEYS */;
INSERT INTO `precipitations` VALUES (1,'Dry'),(2,'Wet not rain'),(3,'Small rain'),(4,'Continuous rain'),(5,'Heavy rain'),(6,'Small snow'),(7,'Continuous snow'),(8,'Heavy snow');
/*!40000 ALTER TABLE `precipitations` ENABLE KEYS */;
UNLOCK TABLES;

--
-- Table structure for table `radiotrackings`
--

DROP TABLE IF EXISTS `radiotrackings`;
/*!40101 SET @saved_cs_client     = @@character_set_client */;
/*!40101 SET character_set_client = utf8 */;
CREATE TABLE `radiotrackings` (
  `id` int(11) NOT NULL AUTO_INCREMENT,
  `released_animal_id` int(11) DEFAULT '0',
  `frequency` int(11) DEFAULT '0',
  `nickname` varchar(30) DEFAULT NULL,
  `date` datetime DEFAULT NULL,
  `location_of_animal_E` double DEFAULT NULL,
  `location_of_animal_N` double DEFAULT NULL,
  `obser_id` int(11) DEFAULT NULL,
  `biotope_id` int(11) DEFAULT NULL,
  `distance_from_water_id` int(11) DEFAULT NULL,
  `activity` tinyint(1) DEFAULT '0',
  `waterbody_type_id` int(11) DEFAULT NULL,
  `water_level_id` int(11) DEFAULT NULL,
  `precipitation_id` int(11) DEFAULT NULL,
  `temperature_id` int(11) DEFAULT NULL,
  `remarks` text,
  PRIMARY KEY (`id`),
  KEY `released_animal_id` (`released_animal_id`)
) ENGINE=MyISAM AUTO_INCREMENT=1443 DEFAULT CHARSET=utf8;
/*!40101 SET character_set_client = @saved_cs_client */;

--
-- Dumping data for table `radiotrackings`
--

LOCK TABLES `radiotrackings` WRITE;
/*!40000 ALTER TABLE `radiotrackings` DISABLE KEYS */;
INSERT INTO `radiotrackings` VALUES (1,1,4,'volüümia','2012-08-29 09:30:00',20,41,10,4,3,1,1,1,3,3,'yus'),(3,1,4,'volüümia','2012-08-29 14:33:00',70,40,3,8,3,1,4,3,6,5,'A living creature.'),(5,4,281,'Kristina','2012-08-25 20:56:00',22.3358,58.2393,1,1,1,0,6,3,1,2,''),(6,5,442,'Magda','2012-08-25 21:00:00',22.3358,58.2393,1,1,1,1,6,3,1,2,'Opposite side from release in the reeds a bit further on.'),(7,6,141,'Joel','2012-08-25 16:35:00',22.33706,58.23951,2,1,1,1,6,4,1,2,'Fifth release.\r\nLeft the transport box fast.'),(8,6,141,'Joel','2012-08-25 20:45:00',0,0,1,1,1,0,6,3,1,2,'On the other side of the canal from the release site.'),(9,7,301,'Angela','2012-08-25 21:09:00',22.337,58.2396,1,1,1,1,6,3,1,2,'Same side of the canal as release site.'),(10,8,363,'Milla','2012-08-25 21:13:00',0,0,1,1,3,1,6,3,1,2,'Further from release site - same side of release. Moved almost one km - on the coast of Mullutu bay.\r\n\r\nCoordinates to be added.\r\n'),(11,3,162,'Pernod','2012-08-25 16:15:00',22.32018,58.23245,2,1,1,1,6,3,1,2,'Public release. Rapid escape into canal.'),(12,8,363,'Milla','2012-08-25 16:15:00',22.33706,58.23951,1,1,1,1,6,4,1,2,'Second release.\r\nLeft slowly.'),(13,5,442,'Magda','2012-08-25 16:15:00',22.33706,58.23951,2,1,1,0,6,4,1,2,'Third release. Left quickly.'),(14,4,281,'Kristina','2012-08-25 16:25:00',22.33706,58.23951,2,1,1,1,6,4,1,2,'Forth release.\r\nLeft slowly.'),(15,7,301,'Angela','2012-08-25 16:45:00',22.33706,58.23951,1,1,1,1,6,4,1,2,'Sixth release.\r\nLeft very quickly and swam to other side of canal.'),(16,3,162,'Pernod','2012-08-25 20:30:00',22.32018,58.23245,10,1,1,0,6,3,1,2,'Hasn\'t moved significantly from release site.\r\n'),(17,3,162,'Pernod','2012-08-26 06:50:00',22.31903,58.23177,2,1,3,0,6,3,1,2,'160 is a better frequency than 162.\r\n'),(18,6,141,'Joel','2012-08-26 07:40:00',22.33378,58.23893,1,1,1,0,6,4,1,2,'In the canal.\r\n100 m from the canal.'),(19,4,281,'Kristina','2012-08-26 07:40:00',22.3395,58.24015,2,1,1,0,6,4,1,2,''),(20,5,442,'Magda','2012-08-26 07:40:00',22.33385,58.23897,2,1,1,1,6,4,1,2,'In the canal near Joel.'),(21,7,301,'Angela','2012-08-26 07:40:00',22.35183,58.23251,2,16,1,0,5,1,1,2,''),(22,8,363,'Milla','2012-08-26 09:20:00',22.36069,58.23917,1,1,1,1,4,3,1,2,''),(23,3,162,'Pernod','2012-08-26 13:53:00',22.31903,58.23177,2,1,3,1,6,3,1,2,'Same place as in the morning.'),(29,6,6,'Joel','2012-08-26 20:15:00',22.33383,58.23766,2,15,4,0,6,3,1,2,''),(25,4,1,'Kristina','2012-08-26 15:17:00',22.34516,58.24054,2,1,1,1,6,3,1,2,'In the canal.'),(26,5,1,'Magda','2012-08-26 15:17:00',22.34472,58.2394,2,1,4,1,6,3,1,2,'Between canal and forest.'),(28,6,6,'Joel','2012-08-26 14:45:00',22.33563,58.23897,2,1,3,1,6,3,1,2,'Reedbed with some forest'),(30,8,1,'Milla','2012-08-26 19:20:00',22.35523,58.2367,7,14,1,0,6,3,1,2,''),(32,4,4,'Kristina','2012-08-26 20:15:00',22.34516,58.24054,2,15,1,1,6,3,1,2,''),(33,3,3,'Pernod','2012-08-26 21:15:00',22.32026,58.23215,2,1,2,1,6,3,1,2,''),(34,5,5,'Magda','2012-08-26 20:15:00',22.34472,58.2394,7,1,4,0,6,3,1,2,'Activity uncertain.'),(35,5,5,'Magda','2012-08-26 21:51:00',22.35867,58.23638,2,16,1,0,5,1,1,2,''),(36,7,7,'Angela','2012-08-26 22:14:00',22.34363,58.22497,2,13,1,0,3,3,1,2,'Activity uncertain.'),(37,3,3,'Pernod','2012-08-27 07:50:00',22.32049,58.23188,2,15,1,0,6,3,1,2,''),(38,6,6,'Joel','2012-08-27 09:00:00',22.36,58.23732,2,15,4,0,6,3,1,2,''),(39,5,5,'Magda','2012-08-27 09:50:00',22.35777,58.23639,2,14,3,1,6,3,1,2,''),(40,7,1,'Angela','2012-08-27 10:16:00',22.33528,58.21979,2,13,5,1,1,1,3,2,''),(41,4,4,'Kristina','2012-08-27 10:40:00',22.39682,58.23112,2,16,1,1,6,3,3,2,''),(42,4,4,'Kristina','2012-08-27 17:40:00',22.39739,58.2314,2,2,1,0,5,4,3,2,''),(45,6,6,'Joel','2012-08-27 19:25:00',22.36,58.23732,7,15,4,0,6,3,1,2,''),(44,3,3,'Pernod','2012-08-27 19:20:00',22.32049,58.23188,7,15,1,0,6,3,1,2,''),(46,8,8,'Milla','2012-08-27 19:50:00',22.35166,58.23753,7,15,4,0,6,3,1,2,'Habitat uncertain'),(47,7,6,'Angela','2012-08-27 18:30:00',22.33528,58.21979,2,13,5,0,1,1,1,2,'Dead. Killed by cat. Found in the house attic.'),(48,5,5,'Magda','2012-08-27 20:30:00',22.35777,58.23639,2,2,4,0,6,3,3,2,'Dead. Killed probably by fox (under ground, only head).'),(49,4,6,'Kristina','2012-08-28 08:27:00',22.39664,58.23118,7,16,1,0,6,3,1,2,''),(50,4,6,'Kristina','2012-08-28 12:00:00',22.39664,58.23118,7,16,1,0,6,3,1,2,''),(51,3,6,'Pernod','2012-08-28 07:40:00',22.319742,58.23196,2,1,3,0,6,3,1,2,''),(52,6,6,'Joel','2012-08-28 07:45:00',22.36,58.23732,2,15,4,0,6,3,1,2,''),(53,3,3,'Pernod','2012-08-28 12:40:00',22.319742,58,7,1,3,0,6,3,1,2,''),(54,6,6,'Joel','2012-08-28 13:24:00',22.354121,58.238678,7,1,3,1,1,3,1,2,''),(55,6,6,'Joel','2012-08-28 19:44:00',22.34617,58.23241,7,14,1,1,6,3,1,2,''),(56,6,6,'Joel','2012-08-28 22:21:00',22.34617,58.23241,7,14,1,0,6,3,1,2,''),(57,3,3,'Pernod','2012-08-28 19:20:00',22.314777,58.225309,7,14,1,0,6,3,1,2,''),(58,3,3,'Pernod','2012-08-28 22:34:00',22.314382,58,7,14,1,0,6,3,1,3,''),(59,3,6,'Pernod','2012-08-29 08:30:00',22.314461,58.225231,7,14,1,0,6,3,1,2,''),(60,6,11,'Joel','2012-08-29 08:52:00',22.35627,58.23517,7,14,1,0,6,3,1,2,'In tube under road.'),(61,8,8,'Milla','2012-08-29 10:46:00',22.37458,58.23391,7,2,1,0,6,3,1,2,''),(62,8,8,'Milla','2012-08-29 13:23:00',22.37458,58.23391,7,2,1,0,6,3,1,1,''),(63,3,3,'Pernod','2012-08-29 14:11:00',22.31703,58,7,14,5,1,6,3,1,1,''),(64,6,6,'Joel','2012-08-29 14:54:00',22.35936,58.2288,7,14,1,1,6,3,1,1,''),(65,6,6,'Joel','2012-08-30 10:20:00',22.35762,58.22857,7,14,1,0,5,2,1,2,''),(66,8,8,'Milla','2012-08-30 11:37:00',22.38699,58.23511,7,16,4,0,1,2,1,2,''),(67,3,3,'Pernod','2012-08-29 20:23:00',22.3221,58.23014,7,14,1,0,6,2,1,2,''),(68,6,6,'Joel','2012-08-29 20:45:00',22.3592,58.22871,7,14,1,0,6,2,1,2,''),(69,3,3,'Pernod','2012-08-30 09:35:00',22.32226,58.23014,7,14,1,0,5,1,1,2,''),(70,8,8,'Milla','2012-08-29 21:20:00',22.378748,58.233609,7,13,5,0,1,2,1,2,''),(71,8,8,'Milla','2012-08-30 20:28:00',22.37435,58.23916,7,2,1,1,5,2,1,2,''),(72,6,6,'Joel','2012-08-30 20:40:00',22.35559,58.22951,7,2,1,0,5,2,1,2,''),(73,3,3,'Pernod','2012-08-30 20:50:00',22.32115,58.23114,7,14,1,0,5,2,1,2,''),(74,3,3,'Pernod','2012-08-31 10:50:00',22.32648,58.23294,7,16,5,0,1,2,1,2,''),(75,6,6,'Joel','2012-08-31 11:43:00',22.35245,58.22318,7,14,5,0,1,2,1,2,''),(76,6,6,'Joel','2012-08-31 19:04:00',22.35245,58.22318,7,14,5,0,1,2,1,2,''),(77,3,3,'Pernod','2012-08-31 00:00:00',22.33974,58.2392,12,15,4,0,1,2,1,2,''),(78,6,6,'Joel','2012-09-01 12:00:00',22.34239,58.22222,8,14,4,0,1,1,4,2,''),(79,3,3,'Pernod','2012-09-01 11:30:00',22.342981,58,8,15,1,0,4,2,4,2,''),(80,3,3,'Pernod','2012-09-01 19:20:00',22.345468,58.235613,8,15,1,0,4,2,2,2,''),(81,6,6,'Joel','2012-09-01 18:15:00',22.34239,58.22222,8,14,5,0,1,1,3,2,''),(82,8,8,'Milla','2012-09-01 19:00:00',22.33283,58.22231,8,14,1,0,3,2,2,2,'+ Human settl.(Biotope).\r\n+ Ditch (Waterbody type).'),(83,3,3,'Pernod','2012-09-02 10:10:00',22,58,8,15,1,0,1,2,1,2,'At 13.05 (9.02.2012) he was at the same place.\r\n(Observed by M.Silts & R.Kont)'),(84,3,6,'Pernod','2012-09-02 19:30:00',22,58,8,15,1,0,1,2,1,2,'Observed by M.Silts & R.Kont'),(85,6,6,'Joel','2012-09-02 10:45:00',22.32693,58.22516,8,14,1,0,5,2,1,2,'Mink was swimming in ditch (watched by M.Silts & R.Kont). Water level in ditch ~20 cm.'),(86,8,8,'Milla','2012-09-02 12:10:00',22.28725,58.22125,8,14,1,0,5,2,1,2,'Mink was in hole. Water level in ditch ~10 cm. \r\nIn the evening at 20.30 was Milla at the same place. \r\nObserved by M.Silk & R. Kont.'),(87,6,6,'Joel','2012-09-02 12:50:00',22.33677,58.22972,8,14,1,0,5,2,1,2,'Mink was next to the ditch, under the branches. Observed by M.Silts & R.Kont'),(88,6,6,'Joel','2012-09-02 00:00:00',22.34499,58.23207,8,14,1,0,5,1,1,2,'Martin & Raido saw the mink in ditch. Seemed languid, and did not afraid of people. '),(89,6,6,'Joel','2012-09-03 11:35:00',22.35216,58.2249,8,13,2,0,3,3,1,2,'Observers Martin Silts & Raido Kont'),(90,6,6,'Joel','2012-09-03 16:50:00',22.357611,58.223715,8,13,3,0,3,3,1,2,'Observed by M.Silts & R.Kont'),(91,6,6,'Joel','2012-09-04 09:50:00',22.355577,58.224564,8,15,4,0,3,3,1,2,'Observed by M.Silk & R.Kont'),(92,6,6,'Joel','2012-09-04 19:25:00',22.35866,58.225533,8,15,4,0,3,3,1,2,'Observed by M.Silk & R.Kont'),(93,6,6,'Joel','2012-09-05 11:00:00',22.35952,58.22653,1,15,2,0,3,3,1,2,'Observed by T.Maran, M.Silts & R.Kont.\r\nThe mink started to be active, when they started to put up the mink trap. '),(94,3,6,'Pernod','2012-09-05 11:50:00',22.34574,58.22614,1,13,4,0,1,1,1,2,'The mink is catched. The weight of mink was 770 g\r\nObserved by T.Maran, M.Silk & R.Kont'),(95,6,6,'Joel','2012-09-05 18:55:00',22.372083,58.226955,12,14,3,0,3,3,1,2,'Observed by R.Kont & M.Silts'),(96,3,6,'Pernod','2012-09-03 10:55:00',22.346067,58.239932,12,15,1,0,4,2,1,2,'Observed by R.Kont & M.Silts'),(97,6,6,'Joel','2012-09-03 18:30:00',22.346862,58.235081,12,15,5,0,4,2,1,1,'Observed by R.Kont & M.Silts\r\nMore then 200 m from water - means the distance is not known.'),(98,3,6,'Pernod','2012-09-04 09:30:00',22.342993,58.236302,12,15,5,0,4,2,1,2,'Observed by R.Kont & M.Silts\r\nWhen it is more than 200 m from water - means that distance is not know'),(99,3,6,'Pernod','2012-09-03 18:30:00',22.346862,58.235081,12,15,5,0,4,2,1,2,'Observed by R.Kont & M.Silts\r\nMore than 200 m - means distance from water is not known.'),(100,3,6,'Pernod','2012-09-04 19:15:00',22.340562,58.228882,12,14,5,0,1,2,1,2,'Observed by R.Kont & M.Silts.\r\nMore than 200 m - means that distance from water is not known.'),(101,3,6,'','2012-09-06 10:50:00',22.322606,58,12,14,5,0,1,1,1,2,'Mink was in (water)pit.'),(102,3,3,'Pernod','2012-09-06 16:50:00',22.338085,58.265678,12,15,5,0,1,1,1,2,'Observed by R.Kont & M.Silts.\r\nMore than 200 m - means distance is not known'),(103,3,3,'Pernod','2012-09-06 21:30:00',22.337556,58,12,15,5,0,1,1,1,3,'Observed by R.Kont & M.Silts.\r\nMore than 200 m - means distance from water is not known.'),(104,6,6,'Joel','2012-09-06 21:45:00',22.329058,58.291199,12,15,5,0,1,1,1,3,'Mink was at the same place, where he was released. \r\nObserved by R.Kont & M.Silts\r\nMore than 200 m - means distance from water is not known.'),(105,6,6,'Joel','2012-09-06 14:00:00',22.372135,58.226916,12,13,1,0,5,2,1,2,'+ Wet dec. forest (Biotope).\r\nObserved by R.Kont & M.Silts. \r\nTurdus (ouzel) where killed by mink. \r\nNB! Joel is traped, and moved to the river of Kärla.'),(106,3,3,'Pernod','2012-09-07 10:30:00',22.33372,58.272,8,13,5,0,1,2,6,2,'Mink is trapped from farm-yard. Pernod eat one can of sardiins. \r\nObserved by M.Silts & R.Kont  '),(107,6,6,'Joel','2012-09-07 11:30:00',22.32896,58.29127,8,15,1,0,7,3,1,3,'Signal is good. One and half hour befor signal was  mortality.\r\nObserved by R.Kont & M.Silts'),(108,6,6,'Joel','2012-09-07 21:35:00',22.32896,58.29187,8,15,1,0,7,3,1,3,'At the same place where he was in the morning.\r\nObserved by M.Silts & R.Kont.'),(109,9,9,'Mortimer','2012-09-06 23:06:00',22.350278,58.2938,8,15,4,0,7,3,1,3,'Observed by M.Silts & R.Kont'),(110,9,9,'Mortimer','2012-09-06 11:20:00',22.349929,58.288565,8,15,3,0,7,3,1,2,''),(111,9,9,'Mortimer','2012-09-04 00:00:00',22.350925,58.291443,8,15,3,0,7,3,1,2,'Observed by M.Silts & R.Kont'),(112,9,9,'Mortimer','2012-09-05 21:30:00',22.350741,58.291107,8,15,3,0,7,3,1,2,'Observed by M.Silts & R.Kont'),(113,9,9,'Mortimer','2012-09-05 09:00:00',22.351202,58.290516,8,15,3,0,7,3,1,2,'Observed by M.Silts & R.Kont'),(114,9,9,'Mortimer','2012-09-06 16:20:00',22.349684,58.291603,8,15,1,0,7,2,1,2,'Observed by M.Silts & R.Kont'),(115,9,9,'Mortimer','2012-09-07 12:50:00',22.35266,58.28952,8,5,3,0,7,3,2,2,'Mortimer were found from sedge (salix bush). Mink were dug under the decay of leafs.\r\nObserved by M.Silts & R.Kont.'),(116,6,6,'Joel','2012-09-08 19:00:00',22.32896,58.29127,8,15,1,0,7,3,1,2,'Observed by M.Silts & R.Kont.\r\nBiotope is also \"dry open area\".'),(117,6,6,'Joel','2012-09-08 21:00:00',22.32897,58.29128,8,15,1,0,7,3,5,3,'Same place, then last. Did not get the equipment (transmitter). Mink has carried the material of hole into the hole. But the trap \"up\".\r\nBiotope: + dry open area.\r\nObserved by M.Silts & R.Kont'),(118,3,3,'Pernod','2012-09-08 21:30:00',22.341249,58.290896,8,15,3,0,7,3,4,3,'Observed by M.Silts & R.Kont'),(119,3,3,'Pernod','2012-09-08 12:30:00',22.34203,58.29131,8,15,3,0,1,3,2,2,'Obseved by M.Silts & R.Kont'),(120,11,11,'Täpp','2012-09-06 00:40:00',22.381435,58.28709,8,14,5,0,1,1,1,3,'Observed by M.Silts & R.Kont'),(121,3,3,'Pernod','2012-09-06 00:45:00',22.341905,58.29081,8,15,3,0,7,3,1,2,'Observed by M.Silts & R.Kont'),(122,11,11,'Täpp','2012-09-07 11:10:00',22.374018,58.289624,8,15,5,0,1,2,3,3,'Observed by M.Silts & R.Kont'),(123,11,11,'Täpp','2012-09-07 21:00:00',22.392587,58.288423,8,15,5,0,1,2,1,3,'Observed by M.Silts & R.Kont'),(124,11,11,'Täpp','2012-09-06 22:20:00',22.390814,58.287126,12,13,5,0,1,1,1,3,'Mink was in bush of salix, near to industrial-area.\r\nObserved by M.Silts & R.Kont'),(125,11,11,'Täpp','2012-09-06 16:30:00',22.345696,58.294925,12,15,5,0,1,2,1,2,'Observed by M.Silts & R.Kont'),(126,11,11,'Täpp','2012-09-06 11:30:00',22.380143,58.289669,12,15,5,0,1,2,1,2,'\"more than 2oo m\" - means distance from water is not known.\r\nObserved by M.Silts & R.Kont'),(127,11,11,'Täpp','2012-09-08 22:00:00',22.470199,58.282333,8,13,3,0,5,2,3,3,'Observed by M.Silts & R.Kont'),(128,11,11,'Täpp','2012-09-08 18:30:00',22.461217,58.282598,8,15,2,0,7,3,1,2,'Observed by M.Silts & R.Kont'),(129,11,11,'Täpp','2012-09-04 23:30:00',22.350912,58.293078,8,15,3,0,7,3,1,2,'Observers M.Silts & R.Kont'),(130,11,11,'Täpp','2012-09-05 09:00:00',22.350194,58.29098,8,15,4,0,7,3,1,2,'Observed by M.Silts & R.Kont'),(131,10,10,'Tipp','2012-09-05 09:00:00',22.349575,58.291032,12,15,3,0,7,3,1,2,'Observed by M.Silts & R.Kont'),(132,10,10,'Tipp','2012-09-04 23:30:00',22.35106,58.292433,12,15,3,0,7,3,1,2,'Observed by M.Silts & R.Kont'),(133,10,10,'Tipp','2012-09-05 21:30:00',22.351463,58.291117,12,15,3,0,7,3,1,2,''),(134,10,10,'Tipp','2012-09-06 11:20:00',22.35047,58.292716,8,15,3,0,7,3,1,2,'Observed by M.Silts & R.Kont'),(135,10,10,'Tipp','2012-09-06 16:20:00',22.350286,58.292284,12,15,3,0,7,3,1,2,'Observed by M.Silts & R.Kont'),(136,10,10,'Tipp','2012-09-06 22:00:00',22.349984,58.293288,12,15,3,0,7,3,1,3,'Observed by M.Silts & R.Kont'),(137,10,10,'Tipp','2012-09-07 12:30:00',22.35499,58.29138,12,5,3,0,7,3,2,2,'Tipp were found from sedge (salix bush)- dead. Mink were dug under the decay of leafs (few cm deep).\r\nObserved by M.Silts & R.Kont.'),(138,12,12,'Uhuu','2012-09-08 13:40:00',22.368162,58.284365,12,15,4,0,7,3,2,2,'Biotpe: + wet shurb\r\nObserved by R.Kont & M.Silts'),(139,12,12,'Uhuu','2012-09-04 23:30:00',22.351386,58.290483,12,15,3,0,7,3,1,2,'Observed by M.Silts & R.Kont'),(140,12,12,'Uhuu','2012-09-07 21:55:00',22.369412,58.285028,12,15,4,0,7,3,1,1,'Biotope: + wet shurb.\r\nObserved by R.Kont & M.Silts'),(141,12,12,'Uhuu','2012-09-05 10:20:00',22.35472,58.284,12,1,1,0,7,3,1,2,'Observed by M.Silts & R.Kont'),(142,12,12,'Uhuu','2012-09-05 22:30:00',22.35414,58.286231,12,5,4,0,7,3,1,2,'Observed by M.Silts & R.Kont'),(143,12,12,'Uhuu','2012-09-06 12:20:00',22.356876,58.286605,12,15,3,0,7,3,1,2,'Observed by M.Silts & R.Kont'),(144,12,12,'Uhuu','2012-09-08 22:40:00',22.368039,58.28407,12,15,4,0,7,3,3,3,'Biotope: + wet shurb'),(145,12,12,'Uhuu','2012-09-06 23:00:00',22.364181,58.28542,12,15,5,0,7,3,1,3,'Observed by M.Silts & R.Kont\r\n\"more than 200 m - means distance from water is not known.'),(146,12,12,'Uhuu','2012-09-07 13:30:00',22.351562,58.289212,12,5,4,0,7,3,2,2,'Biotope: + wet forest.\r\nObserved by M.Silts & R.Kont'),(147,12,11,'Uhuu','2012-09-09 22:00:00',22.368087,58.283401,12,5,4,0,7,3,1,3,'Biotope: + wet forest.\r\nObserved by R.Kont, M.Silts & K.Maran'),(148,12,11,'Uhuu','2012-09-09 11:45:00',22.369237,58.286409,12,5,5,0,7,3,2,2,'Biotope: + wet forest.\r\nObserved by R.Kont, M.Silts'),(149,3,3,'Pernod','2012-09-09 10:45:00',22.342374,58.290634,12,14,3,0,7,3,2,2,'Observed by R.Kont & M.Silts'),(150,3,3,'Pernod','2012-09-09 19:20:00',22.341311,58.290784,12,15,3,0,7,3,1,3,'Observed by M.Silts, R.Kont & K.Maran'),(151,11,11,'Täpp','2012-09-09 10:45:00',22.497857,58.288728,8,15,4,0,7,3,2,2,'Observed by M.Silts & R.Kont'),(152,11,11,'Täpp','2012-09-09 21:15:00',22.503802,58.287418,12,14,3,0,1,3,1,3,'Observed by R.Kont, M.Silts & K.Maran'),(153,12,12,'Uhuu','2012-09-10 20:45:00',22.369545,58.28518,8,15,4,0,7,3,1,3,'Observed by M.Silts & K.Maran'),(154,12,12,'Uhuu','2012-09-10 11:40:00',22.368737,58.285964,8,15,4,0,7,4,1,2,'Observed by M.Silts & K.Maran'),(155,11,11,'Täpp','2012-09-10 20:00:00',22.50077,58.279816,8,15,4,0,7,4,1,2,'Observed by M.Silts & K.Maran'),(156,11,11,'Täpp','2012-09-10 11:12:00',22.50424,58.285921,8,15,4,0,7,3,1,2,'Observed by M.Silts & K.Maran'),(157,3,3,'Pernod','2012-09-10 21:15:00',22.342681,58.290814,8,13,2,0,7,3,1,3,'Observed by M.Silts & K.Maran'),(158,11,11,'Täpp','2012-09-11 20:11:00',22.51792,58.28728,13,3,1,0,3,3,1,2,'Point - 111'),(159,11,11,'Täpp','2012-09-11 12:09:00',22.51463,58.286398,13,3,1,0,3,3,1,2,'106, 107'),(160,3,3,'Pernod','2012-09-11 10:13:00',22.337466,58.292172,13,14,2,0,7,3,1,2,'104, 105'),(161,12,12,'Uhuu','2012-09-11 20:40:00',22.3613,58.2842,13,5,4,0,7,3,1,3,'Points - 112, 113'),(162,12,12,'Uhuu','2012-09-11 13:07:00',22.3678,58.2733583,13,5,4,0,7,3,1,2,'This is probably inaccurate. The bearings were wildly off.'),(163,11,11,'Täpp','2012-09-12 21:03:00',22.51792,58.28728,13,3,1,0,5,3,1,3,'No waypoint. Same coordinates as last scan. Point 111.'),(164,12,11,'Uhuu','2012-09-12 22:52:00',22.36842,58.28574,13,15,4,0,7,3,1,2,'punkt 120 & 123'),(165,11,11,'Täpp','2012-09-12 11:02:00',22.50771,58.28139,13,16,1,0,5,3,1,2,'Punktid 114 & 115'),(166,12,12,'Uhuu','2012-09-12 11:29:00',22.36857,58.28514,13,5,2,0,7,3,4,2,'Punktid 116 & 117'),(167,12,11,'Uhuu','2012-09-13 21:18:00',22.36701,58.28573,13,12,1,0,7,3,1,3,'129 & 130'),(168,11,11,'Täpp','2012-09-13 22:30:00',22.506566,58.282102,13,14,2,0,5,3,1,3,''),(169,12,12,'Uhuu','2012-09-13 11:00:00',22.36387,58.282831,13,12,1,0,7,3,1,2,'125 & 126'),(170,11,11,'Täpp','2012-09-13 12:25:00',22.5222,58.297688,13,14,2,0,5,3,1,2,'127 & 128'),(171,12,12,'Uhuu','2012-09-14 10:48:00',22.368966,58.2833498,13,12,2,0,7,3,1,2,'134 & 136'),(172,11,11,'Täpp','2012-09-14 12:01:00',22.528254,58.287517,13,14,3,0,5,3,1,2,'138 & 139'),(173,11,11,'Täpp','2012-09-15 14:00:00',22.329667,58.292139,13,15,1,0,7,3,1,2,'144'),(174,11,11,'Täpp','2012-09-15 21:00:00',22.329667,58.292139,13,15,1,0,7,3,1,3,'144'),(175,12,12,'Uhuu','2012-09-15 10:57:00',22.364527,58.28378,13,12,2,0,7,3,1,2,'141 & 143'),(176,12,12,'Uhuu','2012-09-15 22:30:00',22.361308,58.28238,13,12,1,0,7,3,1,3,'145 & 146'),(177,12,12,'Uhuu','2012-09-16 10:58:00',22.35731,58.28027,13,15,4,0,7,3,1,2,'148'),(178,12,12,'Uhuu','2012-09-16 21:00:00',22.36375,58.282255,13,15,1,0,7,3,1,3,'149'),(179,12,12,'Uhuu','2012-09-17 11:17:00',22.359835,58.281964,13,5,4,0,7,3,1,2,'151 & 152'),(180,12,12,'Uhuu','2012-09-17 20:00:00',22.36617,58.237057,8,5,4,0,7,3,2,2,'149 & 150'),(181,12,12,'Uhuu','2012-09-18 10:30:00',22.35556,58.283074,8,5,4,0,7,3,1,2,''),(182,12,12,'Uhuu','2012-09-18 19:20:00',22.3638,58.2828,8,5,4,0,7,3,3,2,''),(183,12,12,'Uhuu','2012-09-19 08:06:00',22.36676,58.28464,8,5,4,0,7,3,3,2,''),(184,12,12,'Uhuu','2012-09-19 19:30:00',22.36765,58.28685,8,5,4,0,7,3,2,2,''),(185,12,12,'Uhuu','2012-09-20 10:35:00',22.36832,58.28474,8,5,4,0,7,3,1,2,''),(186,12,12,'Uhuu','2012-09-20 17:36:00',22.36997,58.28691,8,5,4,0,7,3,1,2,''),(187,12,12,'Uhuu','2012-09-21 10:46:00',22.36822,58.28603,8,5,4,0,7,3,1,2,''),(188,12,12,'Uhuu','2012-09-21 19:33:00',22.36209,58.28335,8,5,4,0,7,3,1,2,''),(189,12,12,'Uhuu','2012-09-22 10:38:00',22.36789,58.28428,8,5,3,0,7,3,1,2,''),(190,12,12,'Uhuu','2012-09-22 17:24:00',22.35962,58.28368,8,5,3,0,7,3,1,2,''),(191,12,12,'Uhuu','2012-09-25 10:52:00',22.36477,58.28314,8,5,3,0,7,3,1,3,''),(192,12,12,'Uhuu','2012-09-25 22:00:00',22.36786,58.2851,8,5,3,0,7,3,1,3,''),(193,8,8,'Milla','2012-09-25 21:00:00',22.10933,58.24811,8,14,3,0,5,2,1,3,'Ainult kaelus, hambajäljed peal. \r\nJärgmisel hommikul leidsime kõrval\r\noleva kännu otsast natuke karvu.\r\n'),(194,4,4,'Kristina','2012-09-26 16:30:00',22.52667,58.33111,8,2,3,0,7,3,1,2,''),(195,12,11,'Uhuu','2012-09-26 10:00:00',22.36047,58.2778,9,5,4,0,7,3,1,2,'GPS 156 & 166'),(196,12,11,'Uhuu','2012-09-26 17:30:00',22.35504,58.27816,9,5,4,0,7,3,1,2,'GPS 156 and 164. Very weak signal'),(197,12,11,'Uhuu','2012-09-26 10:30:00',22.36546,58.28352,9,5,4,0,7,3,1,2,'GPS 169 and 164. Very strong signal'),(198,12,11,'Uhuu','2012-09-27 18:30:00',22.36738,58.28501,9,5,4,0,7,3,4,2,'GPS 171 and 172. Death signal - very strong signal'),(199,12,12,'Uhuu','2012-09-28 12:00:00',22.35975,58.28258,9,3,3,0,7,4,4,2,'GPS 174. Death Uhuu - 8m up a tree'),(200,4,4,'Kristina','2012-09-27 14:30:00',22.50697,58.34875,9,13,5,0,7,3,1,2,'GPS 170. Behind the church, in a stone fence'),(201,4,4,'Kristina','2012-09-27 17:35:00',22.50697,58.34875,9,13,5,0,7,3,1,2,'GPS 170. Behind the church, in a stone fence'),(202,4,4,'Kristina','2012-09-28 10:30:00',22.49847,58.35483,9,13,5,0,7,4,1,2,'GPS 173. In a stone fence'),(203,4,4,'Kristina','2012-09-28 17:30:00',22.50402,58.36064,9,13,5,0,7,4,1,2,'GPS 176.'),(204,4,4,'Kristina','2012-10-07 15:00:00',22.58589,58.26978,9,13,5,0,6,3,1,2,'Punkt: Kristiina Kaelus.\r\nRisttee servast liidsinii ainult katkise kailuse kailusel olid hambajäljed. Loomast urdast jalgi/jainusud lileidnud.\r\n'),(205,13,11,'Saruman','2013-08-25 22:30:00',22.71069,58.81519,16,15,1,0,6,2,1,2,'GGPS 207'),(206,17,11,'Bombur','2013-08-27 21:40:00',22.7191,58.83409,8,14,1,0,6,2,1,3,'100m\r\nGGPS 240'),(207,16,11,'Luthien','2013-08-27 22:05:00',22.71617,58.82891,8,12,1,0,6,2,1,3,''),(208,18,11,'Boromir','2013-08-27 22:22:00',22.71044,58.81391,8,14,1,0,6,2,1,3,'± 25m\r\nGGPS 235'),(209,19,19,'Eomer','2013-08-27 22:25:00',22.7139,58.82387,16,14,1,0,6,2,1,3,'In the canal\r\nMGPS 205'),(210,20,20,'Eowyn','2013-08-27 22:43:00',22.71023,58.81374,16,14,1,0,6,2,1,3,'Same place'),(211,14,14,'Galadriel','2013-08-27 23:07:00',22.72333,58.8034,16,4,1,0,7,2,1,3,'Same place, in the river, very near.\r\nMGPS 207'),(298,15,11,'Gimli','2013-09-01 09:04:00',22.72531,58.80256,17,15,1,1,7,2,2,2,'± 20m, 292º\r\nGPS 294/295	'),(293,15,15,'Gimli','2013-08-27 23:09:00',22.72333,58.8034,16,14,1,0,7,2,1,3,'± 25m\r\nGPS 207'),(213,13,13,'Saruman','2013-08-28 06:54:00',22.6193,58.81486,16,14,1,0,6,2,1,3,'Same place - in the canal\r\nGGPS 243'),(214,17,17,'Bombur','2013-08-28 08:15:00',22.7194,58.83409,16,14,1,0,6,2,1,3,'Same place- in the canal\r\nGGPS 240'),(215,16,16,'Luthien','2013-08-28 08:22:00',22.71617,58.82891,16,16,1,0,6,2,1,3,'Same place- hasn\'t moved over night, in the canal.'),(216,19,11,'Eomer','2013-08-28 08:27:00',22.7189,58.82387,16,14,1,0,6,2,1,3,'Same place- in the canal\r\nGGPS 234'),(217,18,11,'Boromir','2013-08-28 08:52:00',22.7161,58.81124,16,14,1,1,6,2,1,3,'In the canal\r\nGGPS 247'),(349,20,20,'Eowyn','2013-08-28 08:36:00',22.71023,58.81374,16,14,1,1,6,2,1,2,'±50m, 260º\r\nGPS 224'),(220,13,11,'Saruman','2013-08-28 14:14:00',22.61091,58.82093,16,4,5,0,5,1,1,1,'Very near to the road, strong signal\r\n<10m'),(221,21,11,'Nazgul','2013-08-28 15:22:00',22.65683,58.81157,16,1,1,1,6,2,1,2,'Very near- in the canal.\r\nMGPS 209'),(222,22,11,'Sauron','2013-08-29 16:00:00',22.73654,58.86634,16,1,1,1,6,2,1,2,'Very near- in the canal.\r\n<10m\r\nMGPS 210\r\nLocation reconfirmed 18:30'),(223,14,11,'Galadriel','2013-08-28 16:45:00',22.72333,58.8034,16,15,1,0,7,2,1,2,'In the Luguse river- very near, hasn\'t moved since last reading.\r\n25-30m\r\nMGPS 207\r\nLocation reconfirmed 19:30'),(224,20,20,'Eowyn','2013-08-28 17:10:00',22.71006,58.81256,16,14,1,0,6,2,1,2,'Very near- visual confirmation\r\nMGPS 212'),(225,16,16,'Luthien','2013-08-28 17:40:00',22.71869,58.83409,16,1,1,0,6,2,1,2,'Very near\r\nMGPS 214'),(226,21,21,'Nazgul','2013-08-28 21:44:00',22.65683,58.81157,17,1,1,0,6,2,1,3,'Same place'),(227,18,18,'Boromir','2013-08-28 22:17:00',22.69601,58.81372,17,2,1,0,6,2,1,2,'MGPS 217/218'),(228,17,17,'Bombur','2013-08-28 22:50:00',22.71622,58.82901,17,2,1,0,6,2,1,3,'MGPS 219'),(229,17,11,'Bombur','2013-08-29 10:20:00',22.7187,58.83409,16,1,1,0,6,2,1,2,'< 5m\r\nGGPS 215'),(230,17,11,'Bombur','2013-08-29 22:13:00',22.70822,58.86596,16,1,1,0,6,1,1,3,'Too dark to see properly'),(231,18,11,'Boromir','2013-08-29 11:00:00',22.69594,58.81369,16,4,1,0,6,2,1,2,'<10m\r\nHas moved into Nazgul and Sauron\'s release site GGPS 202'),(232,19,11,'Eomer','2013-08-28 17:30:00',22.71006,58.81418,16,15,1,0,6,2,1,2,'Very near\r\n<10m\r\nMGPS 212\r\nLocation reconfirmed 19:00'),(233,19,19,'Eomer','2013-08-29 10:20:00',22.71004,58.81425,16,15,1,0,6,2,1,2,'GPS 206/235'),(234,19,19,'Eomer','2013-08-29 21:45:00',22.71383,58.82349,16,15,1,0,6,2,1,3,'GPS 221'),(235,20,20,'Eowyn','2013-08-28 22:05:00',22.71006,58.81418,17,14,1,0,6,2,1,2,'Same place'),(236,20,11,'Eowyn','2013-08-29 10:20:00',22.71001,58.81425,16,14,1,0,6,2,1,2,'<5m\r\nGPS 252'),(237,20,20,'Eowyn','2013-08-29 21:33:00',22.71001,58.81425,16,14,1,0,6,2,1,2,'GPS 252'),(238,14,11,'Galadriel','2013-08-29 09:35:00',22.70772,58.81214,16,1,1,1,7,2,1,2,'Very near, ±10m\r\nmoving in the direction 315º\r\nGGPS 251'),(239,14,11,'Galadriel','2013-08-29 21:30:00',22.70772,58.81214,16,1,1,0,7,2,1,2,'Assessed in the dark to be in the same place as previously\r\nGGPS 251'),(240,15,15,'Gimli','2013-08-29 10:20:00',22.7103,58.81258,16,1,1,1,1,2,1,2,'GPS 206'),(241,15,15,'Gimli','2013-08-29 21:30:00',22.7103,58.81258,16,1,1,0,1,2,1,2,'Assessed in the dark to be in the same place as previously\r\nGGPS 206'),(242,16,16,'Luthien','2013-08-28 22:50:00',22.71622,58.82901,17,2,1,0,6,2,1,3,'MGPS 219\r\n<50m'),(243,16,16,'Luthien','2013-08-29 10:20:00',22.71639,58.82969,16,4,1,0,6,2,1,2,'<5m\r\nGGPS 254'),(244,16,16,'Luthien','2013-08-29 00:00:00',22.71639,58.82969,16,2,1,0,6,2,1,2,'May have moved north a few hundred meters\r\nGGPS 254'),(245,21,21,'Nazgul','2013-08-29 11:20:00',22.6715,58.8143,16,1,1,1,6,2,1,2,'<5m visual! Eats frog prob.'),(246,22,22,'Sauron','2013-08-28 23:14:00',22.7366,58.86639,17,2,1,0,6,2,1,3,'MGPS 220'),(247,22,22,'Sauron','2013-08-28 08:52:00',22.7367,58.8064,16,1,1,0,5,2,1,2,'GGPS 250'),(248,17,11,'Bombur','2013-08-30 16:14:00',22.7191,58.83409,16,1,1,0,6,2,1,2,'±15 m\r\nGGPS 240'),(249,17,11,'Bombur','2013-08-30 21:31:00',22.71593,58.82787,17,2,1,1,6,2,1,2,'± 50m\r\nGGPS 270'),(250,17,17,'Bombur','2013-08-31 09:25:00',22.7187,58.83409,16,1,1,0,6,2,1,2,'± 10m\r\nGGPS 215'),(251,17,17,'Bombur','2013-08-31 14:22:00',22.71978,58.84076,15,14,1,0,6,2,3,2,'± 15m\r\nGGPS 219'),(252,17,17,'Bombur','2013-08-31 22:39:00',22.71671,58.84577,17,14,1,1,6,2,3,2,'± 10m\r\nGGPS 286'),(253,17,17,'Bombur','2013-09-01 08:27:00',22.71215,58.81849,17,14,1,0,6,2,3,2,'± 20m\r\nGGPS 219'),(254,18,18,'Boromir','2013-08-29 16:18:00',22.68941,58.81398,17,2,1,0,6,2,1,2,'± 25m\r\nGGPS 262'),(255,18,18,'Boromir','2013-08-30 15:40:00',22.71009,58.81199,16,14,1,0,6,2,1,2,'± 15m\r\nGGPS 266'),(256,18,18,'Boromir','2013-08-31 10:20:00',22.70639,58.81238,16,14,1,0,6,2,1,2,'± 2m\r\nGGPS 277\r\nMink tracks'),(257,18,18,'Boromir','2013-08-31 14:43:00',22.71009,58.812,15,14,1,0,6,2,4,2,'± 10m\r\nGGPS 266'),(258,18,18,'Boromir','2013-08-31 23:47:00',22.67594,58.81432,17,1,1,0,6,2,2,2,' ± 5m\r\nGGPS 298'),(259,18,18,'Boromir','2013-09-01 09:32:00',22.66827,58.81357,17,1,1,1,6,2,2,2,'240º\r\n± 15m\r\nGGPS 261/296'),(260,18,11,'Boromir','2013-09-01 17:50:00',22.70089,58.81339,16,1,1,1,6,2,1,2,'± 20m\r\nGGPS 301'),(261,18,18,'Boromir','2013-09-01 22:50:00',22.71009,58.81199,17,1,1,0,6,3,2,2,'± 100m\r\nGGPS 322'),(262,18,18,'Boromir','2013-09-02 14:49:00',22.67838,58.81443,16,1,1,0,6,2,6,2,'± 20m\r\nGGPS 322'),(263,24,24,'Elbereth','2013-09-01 17:07:00',22.66064,58.78782,16,14,1,0,6,2,1,2,'GGPS 298'),(264,24,24,'Elbereth','2013-09-02 00:18:00',22.65725,58.78758,17,14,1,0,6,3,2,2,'± 30m\r\nGGPS 307'),(265,24,24,'Elbereth','2013-09-02 09:30:00',22.66196,58.79649,16,13,1,0,6,2,1,2,'± 30m\r\nGGPS 320\r\nfarm yard? Dogs'),(266,19,19,'Eomer','2013-08-29 15:03:00',22.71238,58.82046,17,14,1,0,6,2,1,2,'GGPS 234'),(267,19,19,'Eomer','2013-08-30 10:13:00',22.71544,58.82667,14,14,1,0,6,2,1,2,'± 10m\r\nGGPS 226'),(270,19,11,'Eomer','2013-08-30 21:30:00',22.71552,58.8267,17,14,1,0,6,2,1,2,'±50m\r\nGPS 271'),(269,19,19,'Eomer','2013-08-30 16:05:00',22.71596,58.82846,16,14,1,0,6,2,1,2,'± 30m\r\nGGPS 267'),(271,19,19,'Eomer','2013-08-31 11:30:00',22.71342,58.82211,16,14,1,1,6,2,1,2,'±15m\r\nGGPS 278'),(272,19,19,'Eomer','2013-08-31 14:38:00',22.71122,58.81665,15,14,1,0,6,2,4,2,'± 20m\r\nGGPS 280'),(273,19,19,'Eomer','2013-08-31 22:39:00',22.71135,58.81684,17,14,1,0,6,2,4,2,'± 10m\r\nGGPS 287'),(274,19,19,'Eomer','2013-09-01 08:30:00',22.71148,58.81831,17,14,1,1,6,2,5,2,'± 20m\r\nGPS 292'),(275,19,19,'Eomer','2013-09-01 15:40:00',22.71148,58.81831,16,14,1,0,6,2,1,2,'± 15m\r\nGPS 292'),(276,19,19,'Eomer','2013-09-01 22:28:00',22.71225,58.81955,17,4,1,0,6,3,2,2,'±30m\r\nGPS 305'),(277,19,19,'Eomer','2013-09-02 14:59:00',22.70256,58.8131,15,14,1,0,6,2,4,2,'79º\r\nGPS 323'),(278,20,20,'Eowyn','2013-08-29 15:10:00',22.71043,58.8143,17,14,1,0,6,2,1,2,'GPS 253'),(279,20,20,'Eowyn','2013-08-30 12:04:00',22.71065,58.81505,14,14,1,0,6,2,1,2,'± 15m\r\nGPS 231'),(280,20,20,'Eowyn','2013-08-30 15:40:00',22.71008,58.81332,16,14,1,1,6,2,1,2,'± 25m, 200º\r\nGPS 217'),(282,20,20,'Eowyn','2013-08-31 11:10:00',22.71009,58.81149,16,14,1,0,6,2,1,2,'± 15m\r\nGPS 266'),(283,20,20,'Eowyn','2013-08-31 23:00:00',22.71677,58.80762,17,14,1,0,6,2,3,2,'GPS 284'),(284,20,11,'Eowyn','2013-09-01 16:04:00',22.7168,58.80763,16,14,1,0,7,2,1,2,'± 35m, 300º\r\nGPS 283'),(285,20,20,'Eowyn','2013-09-02 12:40:00',22.72309,58.8034,16,1,1,1,7,2,1,2,'± 50m, 295º & 282º\r\nGPS 321\r\non the move'),(286,14,14,'Galadriel','2013-08-30 15:35:00',22.71009,58.81199,16,14,1,0,6,2,1,2,'± 15m\r\nGPS 266 \r\nprob. under the broken wooden bridge'),(287,14,14,'Galadriel','2013-08-31 23:08:00',22.71642,58.80793,17,14,1,0,6,1,3,2,'± 40m\r\nGPS 276'),(288,14,11,'Galadriel','2013-09-01 08:50:00',22.71009,58.81199,17,14,1,0,6,1,3,2,'± 15m\r\nGPS 266'),(289,14,14,'Galadriel','2013-09-01 15:54:00',22.71009,58.81199,16,15,1,1,6,2,1,2,'GPS 266'),(290,14,14,'Galadriel','2013-09-01 22:58:00',22.71009,58.81199,17,15,1,0,6,2,2,2,'GPS 266'),(291,14,14,'Galadriel','2013-09-02 12:40:00',22.72309,58.8034,16,1,1,0,6,2,1,2,'± 25m\r\nGPS 321 '),(294,15,15,'Gimli','2013-08-30 13:30:00',22.716801,58.807452,14,14,1,0,6,2,1,2,'1. 160º, 2. NNW, 3.82º \r\nGPS 236\r\nunderground?'),(295,15,15,'Gimli','2013-08-30 15:17:00',22.71512,58.80834,16,14,1,0,6,2,1,2,'± 2m\r\nGPS 265\r\nhiding underground'),(296,15,15,'Gimli','2013-08-30 22:10:00',22.7158,58.80754,17,14,1,1,6,2,1,2,'± 5m, 1. 140º, 2. 160º\r\nGPS 216/272/273\r\nvisual confirmation'),(297,15,15,'Gimli','2013-08-31 10:00:00',22.71642,58.80793,16,14,1,0,6,2,1,2,'1. 240º, 2. 260º\r\nGPS 276'),(299,26,26,'Gollum','2013-09-01 17:22:00',22.644,58.78783,16,14,1,0,7,2,1,2,'GPS 300\r\nLatency: 15sec'),(300,26,26,'Gollum','2013-09-02 00:34:00',22.66126,58.78776,17,2,1,1,7,2,2,2,'± 10m\r\nGPS 309'),(301,26,26,'Gollum','2013-09-02 09:30:00',22.67608,58.78607,16,4,1,1,6,2,1,2,'± 50m\r\nGPS 317'),(302,16,16,'Luthien','2013-08-29 14:36:00',22.71639,58.82969,17,2,1,0,6,2,1,2,'± 10m\r\nGPS 254'),(303,16,16,'Luthien','2013-08-30 10:10:00',22.71641,58.82954,14,4,1,0,6,2,1,2,'±10m\r\nGPS 225'),(304,16,16,'Luthien','2013-08-30 15:05:00',22.71596,58.82846,16,14,1,0,6,2,1,2,'± 30m\r\nGPS 267'),(305,16,16,'Luthien','2013-08-30 21:26:00',22.71639,58.82969,17,2,1,0,6,2,1,2,'± 20m\r\nGPS 254'),(306,16,16,'Luthien','2013-08-31 11:35:00',22.7187,58.83409,16,1,1,0,6,2,1,2,'± 15m\r\nGPS 213'),(307,16,16,'Luthien','2013-08-31 14:30:00',22.71639,58.82969,15,4,1,0,6,2,5,2,'± 15m\r\nGPS 254'),(308,16,16,'Luthien','2013-08-31 21:30:00',22.71639,58.82969,17,14,1,0,6,2,3,1,'± 10m\r\nGPS 254'),(309,16,11,'Luthien','2013-09-01 08:00:00',22.7191,58.83409,17,1,1,0,6,1,1,2,'± 10m\r\nGPS 240'),(310,16,16,'Luthien','2013-09-01 15:25:00',22.7191,58.83409,16,1,1,1,6,2,1,2,'± 10m\r\nGPS 240'),(311,16,16,'Luthien','2013-09-01 22:14:00',22.7191,58.83409,17,1,1,0,6,1,2,2,'± 15m\r\nGPS 240'),(312,16,16,'Luthien','2013-09-02 14:14:00',22.71249,58.83657,16,1,4,1,5,1,3,2,'± 20m\r\nGPS 322	\r\non the side of the road, moving along it'),(313,27,27,'Morgoth','2013-09-01 20:18:00',22.66064,58.78782,16,14,1,1,7,2,1,2,'± 800m, 219º\r\nGPS 303\r\nUnderground?'),(314,27,27,'Morgoth','2013-09-02 01:37:00',22.65187,58.78464,17,3,2,0,5,2,3,2,'± 100m\r\nGPS 312'),(315,27,27,'Morgoth','2013-09-02 11:20:00',22.65209,58.79274,16,1,4,0,6,1,1,2,'± 10m\r\nGPS 319'),(316,21,21,'Nazgul','2013-08-29 16:15:00',22.67827,58.81414,17,1,1,0,6,2,1,2,'± 20m\r\nGPS 261'),(317,21,21,'Nazgul','2013-08-30 09:30:00',22.67782,58.81427,14,1,1,1,6,2,1,2,'± 2m\r\nGPS 223\r\nvisual confirmation'),(318,21,21,'Nazgul','2013-08-30 16:00:00',22.67782,58.81427,16,1,1,0,6,2,1,2,'± 10m\r\nGPS 223'),(319,21,21,'Nazgul','2013-08-30 22:40:00',22.67824,58.81425,17,1,1,0,6,2,1,2,'GPS 248'),(320,21,21,'Nazgul','2013-08-31 09:10:00',22.67824,58.81425,16,1,1,0,6,2,1,2,'± 15m\r\nGPS 248'),(321,21,21,'Nazgul','2013-08-31 15:10:00',22.67824,58.81425,15,1,1,0,6,2,1,2,'± 15m\r\nGPS 248'),(322,21,21,'Nazgul','2013-09-01 00:01:00',22.67024,58.81427,17,1,1,0,6,1,3,2,'± 15m\r\nGPS 248'),(323,21,21,'Nazgul','2013-09-01 09:32:00',22.67827,58.81414,17,1,1,0,6,2,2,2,'± 15m\r\nGPS 261'),(324,21,21,'Nazgul','2013-09-01 18:11:00',22.63965,58.81221,16,1,1,0,6,2,1,2,'± 15m\r\nGPS 302'),(325,21,21,'Nazgul','2013-09-01 23:40:00',22.63965,58.81221,17,1,1,0,6,2,1,2,'± 20m\r\nGPS 302'),(326,21,21,'Nazgul','2013-09-02 15:23:00',22.63965,58.81221,16,1,1,0,6,2,1,2,'± 20m\r\nGPS 302'),(327,22,22,'Sauron','2013-08-29 14:24:00',22.73189,58.86383,17,1,1,0,6,2,1,2,'± 25m\r\nGPS 257'),(328,22,22,'Sauron','2013-08-30 10:58:00',22.73169,58.86373,15,1,1,0,6,2,1,2,'± 10m\r\nGPS 227'),(329,22,11,'Sauron','2013-08-30 16:31:00',22.73315,58.86455,16,1,1,0,6,2,1,2,'± 15m\r\nGPS 268'),(330,22,22,'Sauron','2013-08-30 21:02:00',22.73539,58.86583,17,1,1,0,6,2,1,2,'± 50m\r\nGPS 269'),(331,22,22,'Sauron','2013-08-31 09:40:00',22.73605,58.86612,16,1,1,1,6,2,1,2,'± 10m\r\nGPS 275'),(332,22,22,'Sauron','2013-08-31 14:07:00',22.73605,58.86612,15,1,1,0,6,2,1,2,'± 10m\r\nGPS 275'),(333,22,11,'Sauron','2013-09-01 07:58:00',22.78358,58.87558,17,1,1,0,6,2,2,2,'± 10m\r\nGPS 290'),(334,22,22,'Sauron','2013-09-01 14:40:00',22.78358,58.87558,16,1,1,1,6,2,1,2,'± 2m\r\nGPS 299'),(335,22,11,'Sauron','2013-09-01 21:52:00',22.7826,58.87549,17,2,1,0,6,2,2,2,'± 10m\r\nGPS 304'),(336,22,11,'Sauron','2013-09-02 13:29:00',22.78358,58.87558,16,1,1,0,6,1,1,2,'± 20m\r\nGPS 290'),(337,28,28,'Shelob','2013-09-01 17:18:00',22.65524,58.78761,16,14,1,0,7,2,1,2,'GPS 299\r\nunderground?'),(338,28,28,'Shelob','2013-09-03 00:18:00',22.65996,58.78772,17,3,1,0,1,2,2,2,'± 25m\r\nGPS 308'),(339,29,29,'Smaug','2013-09-01 17:07:00',22.65524,58.78761,16,14,1,0,7,2,1,2,'GPS 299'),(340,29,29,'Smaug','2013-09-02 10:06:00',22.66225,58.78593,16,2,4,1,1,1,1,2,'± 2m\r\nGPS 316\r\nunderground tunnel'),(341,18,18,'Boromir','2013-09-02 20:30:00',22.67158,58.8143,17,1,1,0,6,2,3,2,'GPS 321'),(342,18,18,'Boromir','2013-09-03 04:37:00',22.66237,58.81254,16,1,1,0,6,2,2,3,'±15m\r\nGPS 330'),(343,18,18,'Boromir','2013-09-03 12:05:00',22.67594,58.81432,17,1,1,0,6,2,1,2,'GPS 322	'),(344,24,24,'Elbereth','2013-09-02 20:27:00',22.66196,58.79649,15,13,1,0,6,2,1,2,'± 30m\r\nGPS 320\r\nfarm yard? Dogs'),(345,24,24,'Elbereth','2013-09-03 02:57:00',22.65162,58.78767,16,14,1,0,7,2,2,3,'±10m'),(346,24,24,'Elbereth','2013-09-03 09:30:00',22.66022,58.7878,14,4,1,0,7,2,1,2,'GPS 242'),(347,19,19,'Eomer','2013-09-03 00:58:00',22.71009,58.812,16,14,1,0,6,2,2,2,'GPS 281'),(348,20,20,'Eowyn','2013-09-03 01:10:00',22.71677,58.80762,16,14,1,0,1,2,2,3,'±50m, 305º\r\nGPS 284'),(350,20,20,'Eowyn','2013-09-03 11:10:00',22.71227,58.81012,17,5,3,0,7,2,2,2,'±50m\r\nGPS 333'),(351,14,14,'Galadriel','2013-09-02 18:16:00',22.7231,58.8034,17,1,1,0,6,2,1,2,'± 25m\r\nGPS 322'),(352,14,11,'Galadriel','2013-09-03 01:28:00',22.72293,58.80318,16,14,1,0,7,2,1,3,'GPS 288'),(353,14,14,'Galadriel','2013-09-03 11:15:00',22.71413,58.80986,17,5,2,0,7,3,1,2,'± 50m\r\nGPS 334'),(354,26,26,'Gollum','2013-09-03 01:45:00',22.71071,58.78682,16,13,3,0,6,1,1,3,'±30m, 340º\r\nGPS 328'),(355,16,16,'Luthien','2013-09-02 18:59:00',22.71639,58.82969,17,3,1,0,6,2,2,2,'± 10m\r\nGPS 254'),(356,16,16,'Luthien','2013-09-03 00:34:00',22.71639,58.82969,16,14,1,0,6,2,2,3,'± 7m\r\nGPS 254'),(357,16,16,'Luthien','2013-09-03 10:17:00',22.73883,58.83744,17,13,5,0,1,1,2,2,'± 20m\r\nGPS 332'),(358,27,11,'Morgoth','2013-09-02 20:00:00',22.65681,58.79595,15,1,4,1,6,1,4,2,'GPS 239	'),(359,27,11,'Morgoth','2013-09-02 20:00:00',22.65681,58.79595,15,1,4,1,1,1,4,2,'270º\r\nGPS 239'),(360,27,27,'Morgoth','2013-09-03 02:24:00',22.66448,58.78774,16,14,1,1,6,2,2,3,'±7m\r\nGPS 329'),(361,27,27,'Morgoth','2013-09-03 09:40:00',22.67362,58.78638,14,4,1,0,6,2,1,2,'GPS 244'),(362,22,11,'Sauron','2013-09-02 17:25:00',22.84533,58.87971,17,14,2,1,6,2,3,2,'± 25m\r\nGPS 325\r\nmoving ESE (100º)'),(363,22,11,'Sauron','2013-09-02 23:50:00',22.85408,58.8748,16,1,1,0,6,2,2,2,'± 20m\r\nGPS 327'),(364,22,11,'Sauron','2013-09-03 13:56:00',22.87323,58.88604,17,2,1,0,6,2,2,2,'± 15m\r\nGPS 336'),(365,29,29,'Smaug','2013-09-02 19:00:00',22.66225,58.78593,15,2,5,0,1,1,4,2,'± 2m\r\nGPS 316'),(366,29,29,'Smaug','2013-09-03 02:10:00',22.66226,58.78593,16,2,5,0,1,1,2,3,'GPS 317\r\nMORTALITY SIGNAL: either dead or has lost its collar, the signal comes from drainage tubes under the field.\r\nThe field was thoroughly searched.'),(401,18,18,'Boromir','2013-08-26 07:10:00',22.71069,58.81519,16,14,1,1,6,2,1,3,''),(368,17,11,'Bombur','2013-08-25 22:13:00',22.71664,58.82994,16,14,1,0,6,2,1,2,'GPS 203'),(369,17,11,'Bombur','2013-08-26 07:00:00',22.71664,58.82994,16,14,1,0,6,2,1,2,''),(399,18,18,'Boromir','2013-08-25 18:35:00',22.71069,58.81519,16,14,1,0,6,2,1,1,'Release! release latency: 3 s'),(371,17,17,'Bombur','2013-08-27 07:12:00',22.71642,58.82975,17,16,1,0,6,2,1,3,'GPS 190/191'),(372,17,17,'Bombur','2013-08-27 16:20:00',22.71861,58.83392,17,1,1,0,1,1,1,2,'± 10m\r\nGPS 232'),(373,24,24,'Elbereth','2013-09-01 15:51:00',22.66064,58.78782,16,14,1,0,7,2,1,2,'GPS 298\r\nLatency: 240s (max)'),(374,26,26,'Gollum','2013-09-01 13:37:00',22.644,58.78783,16,14,1,0,7,2,1,2,'GPS 300\r\nLatency: 15s'),(375,27,27,'Morgoth','2013-09-01 12:58:00',22.66064,58.78782,16,14,1,0,7,2,1,2,'GPS 298\r\nLatency: 240s (max)'),(376,28,28,'Shelob','2013-09-01 13:31:00',22.65524,58.78761,16,14,1,0,7,2,1,2,'GPS 299\r\nLatency: 200s'),(377,29,29,'Smaug','2013-09-01 13:18:00',22.65524,58.78761,16,14,1,0,6,2,1,2,'GPS 299\r\nLatency: 111s'),(378,18,18,'Boromir','2013-09-04 01:13:00',22.67824,58.81425,8,1,1,0,6,2,1,3,'~5m'),(379,18,18,'Boromir','2013-09-04 13:57:00',22.69594,58.81369,7,15,1,1,6,2,1,2,'~5m'),(380,18,18,'Boromir','2013-09-04 21:15:00',22.69594,58.81369,8,15,1,0,6,2,2,3,'~5m'),(381,24,24,'Elbereth','2013-09-03 22:24:00',22.67362,58.78638,17,14,1,0,6,2,1,3,'~20m'),(382,24,24,'Elbereth','2013-09-04 11:00:00',22.67082,58.78668,7,14,2,0,1,2,1,2,'Animal found dead with bite marks. Taken to the vet.'),(383,19,19,'Eomer','2013-09-04 21:57:00',22.70745,58.81733,8,4,1,0,6,2,2,3,'~20m'),(384,20,20,'Eowyn','2013-09-04 11:10:00',22.71386,58.79865,16,13,1,0,1,2,1,2,'The canal next to the road between two farms. Location reconfirmed at 12:40.'),(385,20,20,'Eowyn','2013-09-05 10:04:00',22.72315,58.80337,15,14,1,1,7,2,1,2,'~20m. Location reconfirmed at 11:30 ca 100m closer to the sea along the river.'),(386,16,16,'Luthien','2013-09-03 00:33:00',22.73096,58.8425,8,13,5,1,1,1,2,3,''),(387,27,27,'Morgoth','2013-09-04 09:46:00',22.6775,58.78601,7,14,1,1,7,2,1,2,'~5m'),(388,21,21,'Nazgul','2013-09-04 15:58:00',22.60725,58.79006,7,14,1,1,6,2,1,2,'Reconfirmed later in the day.'),(389,22,22,'Sauron','2013-09-04 09:00:00',22.86864,58.88621,15,1,1,1,6,2,1,2,'~2m, possibly a visual.'),(390,28,28,'Shelob','2013-09-03 15:40:00',22.656678,58.79487,15,1,1,0,5,2,1,2,'Almost by the the road.'),(391,28,28,'Shelob','2013-09-03 21:50:00',22.65681,58.79545,17,2,1,0,6,2,1,2,'~50m'),(392,28,28,'Shelob','2013-09-04 09:05:00',22.65668,58.7942,7,2,1,1,1,2,1,2,''),(393,28,11,'Shelob','2013-09-04 16:10:00',22.65684,58.79176,7,1,1,1,6,2,1,2,'~20m'),(394,28,28,'Shelob','2013-09-04 22:00:00',22.65681,58.79545,17,2,1,0,6,2,1,2,'<50m'),(395,17,11,'Bombur','2013-08-25 18:07:00',22.71664,58.82994,16,14,1,0,6,2,1,2,'Release! release latency: 93 s'),(400,18,18,'Boromir','2013-08-25 22:20:00',22.71069,58.81519,16,14,1,0,6,2,1,2,''),(398,17,11,'Bombur','2013-08-26 14:30:00',22.71869,58.83408,16,16,1,1,6,2,1,2,''),(402,18,18,'Boromir','2013-08-26 15:55:00',22.71008,58.81331,16,14,1,0,6,2,1,1,''),(403,18,18,'Boromir','2013-08-27 07:57:00',22.71083,58.81553,17,4,1,0,6,2,1,3,'~25m'),(404,18,18,'Boromir','2013-08-27 17:00:00',22.71239,58.82044,17,14,1,1,6,2,1,1,'~20m'),(405,19,19,'Eomer','2013-08-25 18:37:00',22.71069,58.81519,16,14,1,0,6,2,1,1,'Release! release latency: 71 s'),(406,19,19,'Eomer','2013-08-27 07:35:00',22.71219,58.81831,17,14,1,0,6,2,1,3,'~100m'),(407,19,11,'Eomer','2013-08-27 16:14:00',22.71369,58.82383,17,14,1,0,6,2,1,1,'~5m'),(408,20,20,'Eowyn','2013-08-25 18:28:00',22.71069,58.81519,16,14,1,0,6,2,1,2,'GPS 205	\r\nRelease latency: 351 s'),(409,20,20,'Eowyn','2013-08-25 22:14:00',22.71069,58.81519,16,14,1,0,6,2,1,2,''),(410,20,20,'Eowyn','2013-08-26 07:10:00',22.71069,58.81519,16,14,1,0,6,2,1,3,''),(411,20,20,'Eowyn','2013-08-26 16:10:00',22.71069,58.81519,16,14,1,0,6,2,1,3,''),(412,20,11,'Eowyn','2013-08-27 08:02:00',22.71017,58.81383,15,4,2,1,6,2,1,3,'GPS 194'),(413,20,11,'Eowyn','2013-08-27 17:12:00',0,0,17,14,1,0,6,2,2,2,'± 15m\r\nGPS 235'),(414,14,14,'Galadriel','2013-08-25 19:01:00',22.70808,58.81194,16,14,1,0,6,2,1,2,'Release latency: 63 s'),(415,14,14,'Galadriel','2013-08-25 22:30:00',22.70808,58.81194,16,14,1,0,6,2,1,2,''),(416,20,20,'Eowyn','2013-08-26 08:00:00',22.70808,58.81194,16,14,1,0,6,2,1,3,''),(417,20,20,'Eowyn','2013-08-26 16:17:00',22.70808,58.81194,16,15,1,0,6,2,1,2,''),(418,14,14,'Galadriel','2013-08-26 08:00:00',22.70808,58.81194,16,15,1,0,6,2,1,3,''),(419,18,18,'Boromir','2013-09-05 12:00:00',22.65725,58.81163,16,4,1,0,6,2,1,2,'~10m'),(420,18,18,'Boromir','2013-09-05 23:08:00',22.64504,58.81086,8,5,1,0,6,3,2,3,''),(421,18,18,'Boromir','2013-09-06 09:55:00',22.64504,58.81086,16,1,1,0,6,2,1,2,''),(422,18,18,'Boromir','2013-09-06 18:55:00',22.636,58.81281,17,16,1,0,6,2,1,1,'~20m'),(423,19,19,'Eomer','2013-09-05 23:39:00',22.7076,58.81715,8,4,1,0,6,2,2,3,''),(427,20,20,'Eowyn','2013-09-05 02:40:00',22.717874,58.80563,17,14,1,0,7,2,1,3,''),(425,19,19,'Eomer','2013-09-06 09:30:00',22.71013,58.81218,15,14,1,0,1,2,1,2,'~20m'),(426,19,19,'Eomer','2013-09-06 19:35:00',22.70336,58.82252,17,4,1,0,6,2,1,2,'~25m'),(495,15,15,'Gimli','2013-09-08 10:00:00',22.6729,58.7862,16,4,1,0,7,2,1,2,'±10m\r\nGPS 397'),(429,20,20,'Eowyn','2013-09-06 09:15:00',22.72342,58.80338,15,14,1,1,7,3,1,2,'~20m. Location reconfirmed at 12:15 and 14:30 ca 100m closer to the sea along the river.'),(430,20,20,'Eowyn','2013-09-06 20:30:00',22.72571,58.80197,17,4,1,0,7,2,1,2,'~50m'),(431,14,14,'Galadriel','2013-09-05 13:00:00',22.70214,58.81315,16,14,1,0,6,2,1,2,'~10m'),(432,14,14,'Galadriel','2013-09-06 00:09:00',22.71011,58.81216,8,13,2,1,7,3,2,3,''),(433,14,14,'Galadriel','2013-09-06 09:15:00',22.72342,58.80338,15,14,1,1,1,2,1,2,' ~10m, reconfirmed 100-150m  north along the canal about noon.'),(434,16,16,'Luthien','2013-09-05 13:40:00',22.71835,58.83318,16,4,1,0,7,2,1,2,''),(435,16,16,'Luthien','2013-09-05 23:51:00',22.71639,58.82929,8,4,1,0,6,2,2,3,''),(436,16,16,'Luthien','2013-09-06 19:49:00',22.71642,58.82975,17,16,1,0,6,2,1,2,'~20m'),(437,27,27,'Morgoth','2013-09-05 10:15:00',22.67795,58.78556,16,14,1,0,7,2,1,2,'~15m'),(438,27,27,'Morgoth','2013-09-06 09:00:00',22.67202,58.78617,15,14,1,0,7,2,1,2,'~100m. Reconfirmed at 12:44.'),(439,21,21,'Nazgul','2013-09-05 08:45:00',22.60728,58.79389,16,16,1,0,6,2,1,2,'~10m'),(441,21,21,'Nazgul','2013-09-06 09:50:00',22.64454,58.81099,16,1,1,0,6,2,1,2,'~10m'),(442,21,21,'Nazgul','2013-09-06 13:57:00',22.64454,58.81099,15,1,1,0,6,2,1,2,'~10m'),(443,21,11,'Nazgul','2013-09-06 18:40:00',22.64533,58.81078,17,1,1,0,6,2,1,2,'~20m'),(444,28,28,'Shelob','2013-09-05 09:30:00',22.65698,58.79009,16,1,1,0,6,1,1,2,'~10m'),(445,28,28,'Shelob','2013-09-05 23:40:00',22.66021,58.78776,17,14,1,1,6,2,1,3,'<50m'),(446,28,11,'Shelob','2013-09-07 09:09:00',22.65693,58.79542,15,1,1,0,6,2,1,2,'In the canal in the middle of the field. ~30-40m.'),(447,16,16,'Luthien','2013-09-09 13:46:00',22.71923,58.83404,15,1,1,0,6,2,1,2,'~20m'),(448,17,17,'Bombur','2013-09-07 12:39:00',22.75129,58.80101,16,1,3,0,2,2,1,2,'±300m, 68º\r\nGPS 381'),(449,17,17,'Bombur','2013-09-07 16:16:00',22.75129,58.80038,16,1,2,1,2,2,1,2,'±200m\r\nGPS 386\r\nin the canal'),(450,17,17,'Bombur','2013-09-07 22:54:00',22.75136,58.80073,8,1,3,0,2,2,1,2,'±100m\r\nGPS 273	\r\nin the canal'),(451,17,11,'Bombur','2013-09-08 10:10:00',22.75138,58.80029,15,1,1,1,2,2,1,2,'±50m, 30º\r\nGPS 276'),(452,17,17,'Bombur','2013-09-08 15:00:00',22.75952,58.80008,15,1,3,0,2,2,1,2,'±50m, 298º\r\nGPS'),(453,17,17,'Bombur','2013-09-08 22:11:00',22.76049,58.80016,8,1,4,1,1,2,1,2,'340º\r\nGPS 281'),(454,15,11,'Gimli','2013-09-07 16:30:00',22.68387,58.78358,16,14,2,1,7,2,1,2,'±500m, 290º\r\nGPS 387'),(455,15,15,'Gimli','2013-09-08 10:10:00',22.6729,58.7862,16,14,1,0,7,2,1,2,'±10m\r\nGPS 397'),(456,17,17,'Bombur','2013-09-09 10:20:00',22.75801,58.79974,15,1,1,0,2,2,1,2,'± 25m'),(457,17,17,'Bombur','2013-09-09 14:01:00',22.75801,58.79974,15,1,1,0,2,2,1,2,'± 50m\r\nGPS 288	'),(458,17,17,'Bombur','2013-09-10 01:55:00',22.75967,58.80012,16,1,3,1,2,2,1,2,'± 100m\r\nGPS 414'),(459,18,18,'Boromir','2013-09-07 08:50:00',22.63618,58.81278,16,1,1,0,6,2,1,2,'±10m\r\nGPS 376	'),(460,18,18,'Boromir','2013-09-07 17:11:00',22.62242,58.81348,16,1,1,0,6,2,1,2,'±30m\r\nGPS 388	'),(461,18,18,'Boromir','2013-09-08 01:45:00',22.62242,58.81348,17,1,1,0,6,2,1,2,'±20m\r\nGPS 388	'),(462,18,18,'Boromir','2013-09-08 08:40:00',22.62122,58.81395,1,1,1,0,6,2,1,2,'±10m\r\nGPS 396	'),(463,18,18,'Boromir','2013-09-08 17:38:00',22.64166,58.81172,16,1,1,0,6,2,1,2,'±10m\r\nGPS 400	'),(464,18,18,'Boromir','2013-09-09 00:55:00',22.64454,58.81099,17,16,1,0,6,2,1,3,'±50m\r\nGPS 373	'),(465,18,18,'Boromir','2013-09-09 08:50:00',22.64454,58.81099,14,1,1,0,6,2,1,2,'±50m\r\nGPS 373'),(466,18,18,'Boromir','2013-09-09 13:34:00',22.62696,58.81322,14,1,1,0,6,2,1,2,'± 20m'),(467,18,18,'Boromir','2013-09-09 15:00:00',22.61216,58.81136,1,2,1,1,5,1,1,2,'±50m, 231º\r\n'),(468,18,11,'Boromir','2013-09-09 18:00:00',22.61216,58.81136,15,2,1,0,5,1,1,2,'± 100m'),(469,19,19,'Eomer','2013-09-07 09:18:00',22.69949,58.82812,16,1,1,1,6,2,1,2,'±10m\r\nGPS 377'),(470,19,19,'Eomer','2013-09-07 23:15:00',22.70857,58.81845,17,14,1,0,1,1,1,2,'173º\r\nGPS 391'),(471,19,19,'Eomer','2013-09-08 02:10:00',22.70857,58.81845,17,14,1,0,1,1,1,2,'173º\r\nGPS 391'),(472,19,19,'Eomer','2013-09-08 11:05:00',22.69803,58.81902,16,14,5,1,1,1,1,2,'±50m, 182º\r\nGPS 211	'),(473,19,19,'Eomer','2013-09-09 14:10:00',22.65635,58.81161,14,1,1,0,5,1,1,2,'± 50m\r\nGPS 411'),(474,19,19,'Eomer','2013-09-09 22:10:00',22.64989,58.80856,17,14,1,1,5,1,1,2,'±30m\r\nGPS 413	'),(475,19,19,'Eomer','2013-09-10 00:29:00',22.64989,58.80856,17,14,1,0,5,1,1,2,'±30m\r\nGPS 413	'),(476,20,20,'Eowyn','2013-09-07 14:20:00',22.72966,58.80006,16,1,1,0,7,2,1,2,'± 10m\r\nGPS 384'),(484,14,14,'Galadriel','2013-09-07 15:15:00',22.7161,58.80841,16,4,1,0,6,2,1,2,'±20m, 320º\r\nGPS 385	'),(478,20,20,'Eowyn','2013-09-07 23:57:00',22.72346,58.80363,17,1,1,1,1,2,1,2,'GPS 238\r\nin the canal'),(479,20,20,'Eowyn','2013-09-09 10:00:00',22.72571,58.80197,15,14,1,0,7,2,1,2,'GPS 269	'),(480,20,20,'Eowyn','2013-09-08 15:40:00',22.72571,58.80197,15,14,1,0,7,2,1,2,'GPS 269	'),(481,20,20,'Eowyn','2013-09-09 10:00:00',22.72963,58.80004,15,1,1,0,7,2,1,2,'± 20m\r\nGPS 287	 '),(482,20,20,'Eowyn','2013-09-09 12:26:00',22.72963,58.80004,15,1,1,1,7,2,1,2,'±150m\r\nGPS 287	'),(483,20,20,'Eowyn','2013-09-10 01:30:00',22.72531,58.80256,17,1,1,0,7,2,1,2,'±300m, 170º\r\nGPS 295	'),(485,14,14,'Galadriel','2013-09-08 10:50:00',22.71678,58.80751,16,14,1,0,7,2,1,2,'±50m, 190º\r\nGPS 273	'),(486,14,14,'Galadriel','2013-09-08 16:51:00',22.70021,58.81353,16,1,1,0,6,2,1,2,'±10m\r\nGPS 398	'),(487,14,14,'Galadriel','2013-09-09 00:15:00',22.69787,58.81388,17,4,1,0,6,2,1,3,'±50m\r\nGPS 405	'),(488,14,14,'Galadriel','2013-09-09 09:40:00',22.69053,58.81374,14,4,1,0,6,2,1,2,'±10m\r\nGPS 406		'),(489,14,14,'Galadriel','2013-09-10 02:10:00',22.70987,58.81243,17,14,1,1,6,2,1,2,'	±10m, 90º\r\nGPS 415'),(490,15,15,'Gimli','2013-08-25 19:00:00',22.70808,58.81194,16,14,1,0,6,2,1,2,'Release latency: 7 s	'),(491,15,15,'Gimli','2013-08-25 22:30:00',22.70808,58.81194,16,14,1,0,6,2,1,2,''),(492,15,15,'Gimli','2013-08-26 08:00:00',22.71014,58.81397,16,14,1,1,6,2,1,3,''),(493,15,15,'Gimli','2013-08-26 16:25:00',22.71014,58.81397,16,14,1,1,6,2,1,2,'GPS	217'),(494,15,15,'Gimli','2013-08-27 17:30:00',22.71589,58.80722,17,14,1,0,6,2,1,2,'±5m	\r\nGPS 236'),(496,16,16,'Luthien','2013-08-25 18:04:00',22.71664,58.82994,16,14,1,0,6,2,1,1,'GPS 203	\r\nRelease latency: 90 s	'),(497,16,16,'Luthien','2013-08-25 22:13:00',22.71664,58.82994,16,14,1,0,6,2,1,2,''),(498,16,16,'Luthien','2013-08-26 07:00:00',22.71664,58.82994,16,14,1,0,6,2,1,2,'	'),(499,16,16,'Luthien','2013-08-26 13:45:00',22.71639,58.82972,16,16,1,0,6,2,1,2,'GPS 203		'),(500,16,16,'Luthien','2013-08-26 20:40:00',22.71678,58.82983,14,16,1,0,6,2,1,2,' 206º\r\nGPS 221	'),(501,16,16,'Luthien','2013-08-27 07:15:00',22.71642,58.82975,16,16,1,0,6,2,1,3,'GPS 190/191		'),(502,16,16,'Luthien','2013-08-27 16:29:00',22.71442,58.82569,17,14,1,0,6,2,1,2,'± 5m	'),(503,16,16,'Luthien','2013-09-07 09:37:00',22.71656,58.82973,16,14,1,0,6,2,1,2,'±10m\r\nGPS 378'),(504,16,16,'Luthien','2013-09-07 22:55:00',22.71677,58.82984,17,4,1,0,6,2,1,2,'±20m\r\nGPS 221	'),(505,16,16,'Luthien','2013-09-08 02:13:00',22.71677,58.82984,17,4,1,0,6,2,1,2,'±20m\r\nGPS 221	'),(506,16,16,'Luthien','2013-09-08 11:03:00',22.71656,58.82973,15,4,1,0,6,2,1,2,'±20m \r\nGPS 378'),(507,16,16,'Luthien','2013-09-08 14:16:00',22.72491,58.83233,15,13,5,1,1,1,1,2,'±50m\r\nGPS 277	'),(508,16,16,'Luthien','2013-09-09 19:03:00',22.71923,58.83404,15,16,1,0,6,2,1,2,'±20m	\r\nGPS 290'),(509,16,16,'Luthien','2013-09-09 20:58:00',22.7187,58.83409,17,1,1,0,6,2,1,2,'±20m\r\nGPS 215	'),(510,27,11,'Morgoth','2013-09-09 09:27:00',22.69311,58.80686,15,13,2,1,5,1,1,2,'±10m	\r\nGPS 286'),(511,27,27,'Morgoth','2013-09-09 18:27:00',22.69311,58.80686,15,13,2,1,5,1,1,2,'±10m\r\nGPS 286		'),(512,17,17,'Bombur','2013-09-10 09:47:00',22.75916,58.79988,15,1,1,1,2,2,1,2,'±50m\r\nGPS 295'),(513,17,17,'Bombur','2013-09-10 20:30:00',22.75973,58.80004,15,1,1,0,2,2,1,2,'±10m\r\nGPS 299	'),(514,17,17,'Bombur','2013-09-11 01:54:00',22.75803,58.79972,16,1,2,0,2,2,1,2,'± 30m\r\nGPS 425	'),(515,17,11,'Bombur','2013-09-11 09:54:00',22.75952,58.80008,15,1,2,0,2,2,1,2,'±100m\r\nGPS 278'),(520,20,20,'Eowyn','2013-09-10 09:34:00',22.72516,58.80244,15,14,1,0,7,2,1,2,'±30m\r\nGPS 294'),(517,19,19,'Eomer','2013-09-10 12:35:00',22.6253,58.81331,17,1,1,0,6,2,1,2,'±20m\r\nGPS 418'),(518,19,19,'Eomer','2013-09-10 20:15:00',22.61959,58.81459,16,1,1,1,6,2,1,2,'± 50m\r\nGPS 420'),(519,19,19,'Eomer','2013-09-10 23:52:00',22.62242,58.81348,16,1,1,1,6,2,1,2,'± 30m\r\nGPS 388	'),(521,20,20,'Eowyn','2013-09-10 20:20:00',22.72459,58.80282,15,14,1,0,7,2,1,2,'±50m\r\nGPS 298	'),(522,20,20,'Eowyn','2013-09-11 01:41:00',22.72432,58.80295,16,14,1,0,7,2,1,2,'±100m, 130º\r\nGPS 424'),(523,20,11,'Eowyn','2013-09-11 09:34:00',22.72433,58.80293,15,14,1,0,7,2,1,2,'±10m\r\n284'),(524,14,14,'Galadriel','2013-09-10 10:18:00',22.71013,58.81218,1,14,1,0,6,2,1,2,'±20m\r\nGPS 265	'),(525,14,14,'Galadriel','2013-09-10 22:57:00',22.70021,58.81353,16,1,1,0,6,2,1,2,'± 30m\r\nGPS 	398	'),(526,15,15,'Gimli','2013-09-11 09:16:00',22.69021,58.78381,15,1,1,0,7,2,1,2,'±20m\r\nGPS 300	'),(527,16,16,'Luthien','2013-09-10 10:06:00',22.71622,58.82901,15,4,1,1,6,2,1,2,'20m'),(528,16,16,'Luthien','2013-09-10 10:06:00',22.71622,58.82901,15,4,1,1,6,2,1,2,'20m\r\nGPS 219'),(529,27,27,'Morgoth','2013-09-10 09:34:00',22.69306,58.80688,15,13,1,1,5,2,1,2,'±10m\r\nGPS 293	'),(530,27,27,'Morgoth','2013-09-10 20:03:00',22.69906,58.80781,15,1,1,1,5,1,1,2,'±50m\r\nGPS 280	'),(531,27,27,'Morgoth','2013-09-11 00:00:00',22.70279,58.8081,15,13,3,0,5,1,1,2,'± 30m, 74º	\r\nGPS 261'),(532,21,21,'Nazgul','2013-08-25 17:30:00',22.69772,58.81397,1,14,1,0,6,2,1,2,'GPS 202	\r\nRelease latency: 98 s	'),(533,21,21,'Nazgul','2013-08-25 23:18:00',22.69772,58.81397,16,14,1,1,6,2,1,2,'Visual!	'),(534,21,21,'Nazgul','2013-08-26 08:00:00',22.69931,58.81381,16,14,1,0,6,2,1,3,''),(535,21,21,'Nazgul','2013-08-26 15:00:00',22.69917,58.81361,14,4,1,0,6,2,1,2,'GPS 202		'),(536,21,21,'Nazgul','2013-08-26 21:30:00',22.71211,58.81525,14,4,2,1,6,2,1,2,'GPS 223/224		'),(537,21,21,'Nazgul','2013-08-27 08:09:00',22.71211,58.81525,17,4,1,1,6,2,1,3,'GPS 197/200		'),(538,21,21,'Nazgul','2013-08-27 15:19:00',22.67842,58.81417,17,1,1,1,6,2,1,2,' ±50 m, 290º\r\nGPS 230/231'),(539,21,21,'Nazgul','2013-08-27 21:40:00',22.67842,58.81417,15,1,1,0,6,2,1,2,'GPS 231		'),(540,17,17,'Bombur','2013-09-11 19:26:00',22.7651,58.79496,15,3,2,0,2,2,1,2,'GPS 309'),(541,17,17,'Bombur','2013-09-12 00:55:00',22.76783,58.79435,16,3,2,0,2,2,1,2,'±20m\r\nGPS 435	'),(542,19,19,'Eomer','2013-09-11 07:58:00',22.6253,58.81331,17,2,1,0,6,2,1,2,'± 30m\r\nGPS 418	'),(543,19,19,'Eomer','2013-09-11 19:56:00',22.61959,58.81459,16,1,1,0,6,2,1,2,'± 50m, 125º\r\nGPS 420	'),(544,20,20,'Eowyn','2013-09-11 18:59:00',22.72343,58.80347,15,14,1,0,7,2,1,2,'±10m\r\nGPS 307	'),(545,20,20,'Eowyn','2013-09-12 00:39:00',22.72342,58.8035,16,1,1,1,7,2,1,2,'±20m\r\nGPS 434		'),(546,14,14,'Galadriel','2013-09-11 13:40:00',22.70021,58.81353,17,1,1,1,6,2,1,2,'± 20m\r\nGPS 398	'),(547,14,14,'Galadriel','2013-09-11 22:14:00',22.69905,58.81387,16,1,1,0,6,2,1,2,'± 20m\r\nGPS 432	'),(548,15,15,'Gimli','2013-09-11 18:40:00',22.68627,58.78578,15,14,1,1,7,2,1,2,'±30m\r\nGPS 306	'),(549,15,15,'Gimli','2013-09-12 00:12:00',22.68554,58.78227,16,16,3,0,6,2,1,2,'±100m, N\r\nGPS 433		'),(550,16,16,'Luthien','2013-09-11 02:47:00',22.7198,58.83444,16,14,2,1,6,2,1,2,'135º-180º\r\nGPS 225\r\nvery weak and jumpy signal	'),(551,16,16,'Luthien','2013-09-11 21:47:00',22.71865,58.82502,16,1,1,1,6,2,1,2,'±30m\r\nGPS 429	'),(552,27,27,'Morgoth','2013-09-11 18:20:00',22.71042,58.80611,1,2,3,1,5,1,1,2,'GPS 305		'),(553,21,21,'Nazgul','2013-09-07 08:43:00',22.64454,58.81099,16,1,1,0,6,2,1,2,'±10m\r\nGPS 373	'),(554,21,21,'Nazgul','2013-09-07 17:00:00',22.6498,58.81034,16,1,1,0,6,2,1,2,'±20m\r\nGPS 227'),(555,21,21,'Nazgul','2013-09-08 00:20:00',22.64982,58.8103,17,1,1,0,6,2,1,2,'±100m\r\nGPS 394	'),(556,21,21,'Nazgul','2013-09-08 08:30:00',22.64147,58.81176,16,1,1,1,6,2,1,2,'±10m\r\n395	'),(557,21,21,'Nazgul','2013-09-08 17:17:00',22.66339,58.81273,1,1,1,0,6,2,1,2,'±10m\r\nGPS 399'),(558,21,21,'Nazgul','2013-09-09 00:25:00',22.66827,58.81357,17,1,1,0,6,2,1,2,'±50m\r\nGPS 296	'),(559,21,21,'Nazgul','2013-09-09 08:56:00',22.66181,58.81244,14,14,1,0,6,2,1,2,'GPS 330		'),(560,21,21,'Nazgul','2013-09-09 13:52:00',22.67413,58.81459,14,1,1,0,6,2,1,2,'±20m\r\nGPS 410	'),(561,21,21,'Nazgul','2013-09-09 18:40:00',22.67825,58.81424,15,1,1,0,6,2,1,2,'±20m\r\nGPS 291	'),(562,21,21,'Nazgul','2013-09-09 21:20:00',22.67594,58.81432,17,1,1,0,6,2,1,2,'±20m\r\nGPS 289	'),(563,21,21,'Nazgul','2013-09-10 09:02:00',22.67825,58.81424,15,1,1,0,6,2,1,2,'±20m\r\nGPS 291	'),(568,13,13,'Saruman','2013-08-25 18:37:00',22.71069,58.81519,16,14,1,0,6,2,1,2,'GPS 207	\r\nRelease latency: 8 s	'),(565,21,21,'Nazgul','2013-09-10 23:30:00',22.66703,58.8134,16,1,1,1,6,2,1,2,'± 30m\r\nGPS 421'),(566,21,21,'Nazgul','2013-09-11 08:10:00',22.66703,58.8134,17,1,1,0,6,2,1,2,'± 20m\r\nGPS 421	'),(567,21,21,'Nazgul','2013-09-11 22:50:00',22.64454,58.81099,16,1,1,0,6,2,1,2,'GPS 421		'),(569,13,13,'Saruman','2013-08-25 22:30:00',22.71069,58.81519,16,14,1,0,6,2,1,2,'	'),(570,13,11,'Saruman','2013-08-26 08:00:00',22.71069,58.81519,16,14,1,0,6,2,1,2,'1.SSE 2. WWS	'),(571,13,11,'Saruman','2013-08-26 23:55:00',22.64981,58.81033,14,2,1,0,6,2,1,3,'1. 100º 2. 70º\r\nGPS 226/227'),(572,13,13,'Saruman','2013-08-27 06:44:00',22.64972,58.8105,15,1,1,0,6,2,1,3,'±100m, 80º\r\nGPS 189	'),(573,13,13,'Saruman','2013-08-27 15:05:00',22.64056,58.81753,17,1,1,1,6,2,1,1,'1. 154º; 2. ±10m	\r\nGPS 228/229'),(574,22,11,'Sauron','2013-08-25 17:30:00',22.69494,58.81397,1,14,1,0,6,2,1,2,'GPS 202	\r\nRelease latency: 85 s'),(575,22,11,'Sauron','2013-08-25 23:18:00',22.69494,58.81397,16,14,1,1,6,2,1,2,''),(576,22,11,'Sauron','2013-08-26 14:55:00',22.69494,58.81397,16,1,1,1,6,1,1,2,'GPS 202	\r\nvisual confirmation'),(577,22,22,'Sauron','2013-09-07 11:15:00',22.89561,58.87859,16,1,1,0,6,2,1,2,'±15m\r\nGPS 380	'),(578,22,22,'Sauron','2013-09-07 21:45:00',22.87868,58.8821,17,1,1,1,6,2,1,2,'±50m\r\nGPS 390	'),(579,22,22,'Sauron','2013-09-08 02:55:00',22.87868,58.8821,17,16,1,1,6,2,1,2,'GPS 390		'),(580,22,22,'Sauron','2013-09-08 22:10:00',22.87006,58.88951,17,16,1,0,6,2,1,2,'±10m\r\nGPS 402	'),(581,22,11,'Sauron','2013-09-09 20:10:00',22.86779,58.88662,17,1,1,0,6,2,1,2,'±10m\r\nGPS 412'),(582,22,22,'Sauron','2013-09-10 12:41:00',22.88039,58.88163,15,1,1,0,6,2,1,2,'±30m\r\nGPS 296	'),(583,22,22,'Sauron','2013-09-10 08:30:00',22.86922,58.88599,14,1,1,1,6,2,1,2,'1. 112º; 2. ±20m\r\nGPS 416/417'),(584,28,28,'Shelob','2013-09-07 16:53:00',22.65693,58.79542,16,1,1,0,6,2,1,2,'GPS 272'),(585,28,11,'Shelob','2013-09-08 00:21:00',22.65664,58.79436,8,1,2,0,6,2,2,2,'GPS 275'),(586,28,28,'Shelob','2013-09-08 09:00:00',22.65684,58.79176,16,1,1,0,6,2,1,2,'±15m\r\nGPS 355	'),(587,28,28,'Shelob','2013-09-09 12:50:00',22.65686,58.79538,15,1,1,0,6,2,1,2,'±5m\r\nGPS 289	'),(588,28,28,'Shelob','2013-09-10 00:18:00',22.65653,58.79532,17,1,1,0,6,2,1,2,'±100m, 155º	\r\nGPS 318	'),(589,28,28,'Shelob','2013-09-10 10:40:00',22.65685,58.79535,15,1,1,1,6,2,1,2,'±10m\r\nGPS 245	'),(590,28,28,'Shelob','2013-09-11 00:11:00',22.65668,58.7942,16,1,1,0,6,2,1,2,'±20m	\r\nGPS 348'),(591,28,28,'Shelob','2013-09-11 08:20:00',22.65693,58.79542,15,1,1,0,6,2,1,2,'GPS 271'),(592,28,11,'Shelob','2013-09-11 18:00:00',22.65619,58.79522,15,1,1,0,6,2,1,2,'±50m	\r\nGPS	304'),(593,28,28,'Shelob','2013-09-11 23:20:00',22.65698,58.79009,16,1,1,0,6,2,1,2,'±20m	\r\nGPS 362'),(594,17,11,'Bombur','2013-09-12 10:50:00',22.76483,58.79499,15,13,3,1,2,2,1,2,'GPS 311\r\nBeyond private land, not possible to get any details.'),(595,17,17,'Bombur','2013-09-13 02:57:00',22.76783,58.79435,16,1,3,1,2,2,1,2,'GPS 435	\r\nHigh levels of interference makes locating the animal hard	'),(596,17,17,'Bombur','2013-09-12 20:15:00',22.76483,58.79499,15,1,3,1,2,2,1,2,'GPS 311	'),(597,17,17,'Bombur','2013-09-13 09:54:00',22.75809,58.79982,15,1,1,0,2,2,1,2,'GPS 320		'),(598,17,17,'Bombur','2013-09-13 12:34:00',22.75809,58.79982,15,1,1,1,2,2,1,2,'GPS 320		'),(599,17,17,'Bombur','2013-09-13 20:51:00',22.75916,58.79988,15,1,1,0,2,2,1,2,'±10m\r\nGPS 295	'),(600,17,17,'Bombur','2013-09-13 23:57:00',22.75803,58.79972,16,1,1,0,2,2,1,2,'±25m 135º\r\nGPS 425'),(601,17,17,'Bombur','2013-09-14 09:40:00',22.76483,58.79499,15,4,2,0,2,2,1,2,'±50m, 220º\r\nGPS 311	'),(602,14,14,'Galadriel','2013-09-12 09:45:00',22.69835,58.81416,14,16,1,0,6,2,1,2,'±10m'),(603,14,14,'Galadriel','2013-09-12 14:45:00',22.69835,58.81416,14,16,1,0,6,2,1,2,''),(604,14,14,'Galadriel','2013-09-12 20:01:00',22.69053,58.81374,16,4,1,1,6,2,1,2,'±10m\r\nGPS 406		'),(605,14,14,'Galadriel','2013-09-13 01:38:00',22.69013,58.81379,16,4,1,1,6,2,1,2,'±15m\r\nGPS 441		'),(606,14,14,'Galadriel','2013-09-13 09:45:00',22.67824,58.81425,14,1,1,0,6,2,1,2,'GPS 248		'),(607,14,14,'Galadriel','2013-09-13 15:18:00',22.6941,58.81398,14,1,1,1,6,2,1,2,'±50m\r\nGPS 262		'),(608,14,14,'Galadriel','2013-09-13 19:50:00',22.67827,58.81436,15,1,1,1,6,2,1,2,'±20m\r\nGPS 323		'),(609,14,14,'Galadriel','2013-09-13 23:23:00',22.68377,58.81399,16,14,1,0,6,2,1,2,'±20m\r\nGPS 451		'),(610,14,11,'Galadriel','2013-09-14 11:17:00',22.713883,58.809315,15,14,2,1,6,2,1,2,''),(611,19,19,'Eomer','2013-09-12 10:35:00',22.61732,58.81564,14,1,1,0,6,2,1,2,'±20m\r\nGPS 436'),(612,19,19,'Eomer','2013-09-12 19:28:00',22.61628,58.81609,16,1,1,0,6,2,1,2,'±5m	\r\nGPS	436	'),(613,19,19,'Eomer','2013-09-13 01:12:00',22.62122,58.81395,16,1,1,1,6,2,1,2,'±20m\r\nGPS 396		'),(614,19,19,'Eomer','2013-09-13 08:16:00',22.61987,58.81452,15,1,1,1,6,2,1,2,'±25m\r\nGPS 317'),(615,19,19,'Eomer','2013-09-13 15:05:00',22.63321,58.81295,14,1,1,0,6,2,1,2,'GPS 368		'),(616,20,20,'Eowyn','2013-09-12 10:28:00',22.72459,58.80282,15,14,1,1,7,2,1,2,'±20-30m\r\nGPS 298'),(617,20,20,'Eowyn','2013-09-12 20:02:00',22.72571,58.80197,15,14,1,1,7,2,1,2,'GPS 269		'),(618,17,17,'Bombur','2013-09-14 23:24:00',22.76986,58.79156,16,4,3,0,2,2,1,2,'±50m\r\nGPS 463	'),(619,19,19,'Eomer','2013-09-14 11:25:00',22.65176,58.81054,14,1,1,1,6,2,1,2,'± 20m\r\nGPS 456		'),(620,19,19,'Eomer','2013-09-14 14:10:00',22.63106,58.81303,14,1,1,1,6,2,1,2,'± 20m\r\nGPS 458		'),(621,19,19,'Eomer','2013-09-15 01:06:00',22.61628,58.81609,16,1,1,0,6,3,1,2,'GPS 436\r\n±10m	'),(622,20,20,'Eowyn','2013-09-13 02:37:00',22.72432,58.80295,16,14,1,1,7,2,1,2,'±130m, 95º	\r\nGPS 424	'),(623,20,20,'Eowyn','2013-09-13 09:35:00',22.72941,58.80003,15,1,1,1,7,2,1,2,'±10m\r\nGPS 319	'),(624,20,20,'Eowyn','2013-09-13 23:40:00',22.72749,58.80099,16,14,1,1,7,2,1,2,'±50m\r\nGPS 424'),(625,20,20,'Eowyn','2013-09-14 09:58:00',22.72472,58.80317,15,14,1,1,7,2,1,2,'±10-20m\r\nGPS 329	'),(626,20,20,'Eowyn','2013-09-14 23:02:00',22.72531,58.80256,16,14,1,0,7,2,1,2,'±100m\r\nGPS 295	\r\ndown stream'),(627,14,14,'Galadriel','2013-09-14 15:45:00',22.69053,58.81374,14,1,1,0,6,2,1,2,'GPS 406	\r\n±20m	'),(628,14,11,'Galadriel','2013-09-15 00:20:00',22.68377,58.81399,16,14,1,0,6,2,1,2,'GPS 451	\r\n±20m'),(629,15,15,'Gimli','2013-09-12 19:44:00',22.67362,58.78638,15,14,1,1,7,2,1,2,'GPS 244		'),(630,15,15,'Gimli','2013-09-12 23:58:00',22.67694,58.78579,16,14,1,1,7,2,1,2,''),(631,15,15,'Gimli','2013-09-13 09:11:00',22.67362,58.78638,15,14,1,0,7,2,1,2,'GPS 244		'),(664,16,16,'Luthien','2013-09-12 11:08:00',22.71597,58.82618,15,14,1,1,6,2,1,2,'~30m'),(633,15,15,'Gimli','2013-09-14 14:10:00',22.61682,58.78289,14,1,1,1,6,2,1,2,'GPS 457	\r\n±50m	'),(634,15,11,'Gimli','2013-09-14 15:53:00',22.617,58.78299,15,4,1,0,6,2,1,2,'GPS 331	\r\n±2m \r\nin the watercourse'),(635,17,17,'Bombur','2013-09-15 10:05:00',22.76421,58.79554,15,4,2,0,2,2,1,2,'GPS 335	\r\n±20m	'),(636,17,17,'Bombur','2013-09-15 22:40:00',22.75803,58.79972,16,1,2,0,2,2,1,2,'GPS 425	\r\n±30m	'),(637,17,17,'Bombur','2013-09-16 09:46:00',22.75806,58.79983,15,1,2,0,2,2,1,2,'GPS 341	\r\n±30m	'),(638,19,19,'Eomer','2013-09-15 09:10:00',22.61083,58.81778,14,1,1,0,6,3,1,2,'GPS 466	\r\n±20m	'),(639,19,19,'Eomer','2013-09-15 20:13:00',22.61219,58.81741,16,1,1,1,6,3,1,2,'GPS 469	\r\n±10m	'),(640,19,19,'Eomer','2013-09-16 02:11:00',22.61219,58.81741,16,1,1,1,6,3,1,2,'GPS 469	\r\n±10m	'),(641,19,19,'Eomer','2013-09-16 08:21:00',22.60867,58.81836,15,1,1,0,6,3,1,2,'GPS 337	\r\n±50m, 92º	'),(642,20,20,'Eowyn','2013-09-15 10:20:00',22.72459,58.80282,15,14,1,1,7,2,1,2,'GPS 298	\r\n±20m'),(643,20,20,'Eowyn','2013-09-15 22:18:00',22.72432,58.80295,16,1,1,0,1,1,1,1,'GPS 424	\r\n±50m'),(644,20,20,'Eowyn','2013-09-16 09:55:00',22.72442,58.80295,15,14,1,1,7,2,1,2,'GPS 342	\r\n±20-30m'),(645,14,14,'Galadriel','2013-09-15 09:31:00',22.67825,58.81424,15,1,1,0,6,2,1,2,'GPS 291	\r\n±3m	'),(646,14,14,'Galadriel','2013-09-15 23:40:00',22.67937,58.81415,16,4,1,0,6,2,1,2,'GPS 473	\r\n±20m 	'),(647,14,14,'Galadriel','2013-09-16 09:38:00',22.70321,58.81285,14,14,1,0,6,2,1,2,'GPS 477	\r\n360º (N)	'),(648,27,27,'Morgoth','2013-09-12 21:35:00',22.71009,58.812,16,14,1,1,6,2,1,2,'~50m'),(650,27,11,'Morgoth','2013-09-13 02:26:00',22.70984,58.81153,16,14,1,1,6,2,1,2,'~50m'),(651,27,11,'Morgoth','2013-09-13 09:10:00',22.71011,58.81216,14,14,1,1,6,2,1,2,''),(652,27,27,'Morgoth','2013-09-13 16:45:00',22.70086,58.81889,14,14,1,0,6,2,1,2,''),(653,27,27,'Morgoth','2013-09-13 21:10:00',22.70097,58.81889,15,4,1,0,6,2,1,2,''),(654,27,27,'Morgoth','2013-09-13 22:58:00',22.70086,58.81889,16,1,1,0,6,2,1,2,'~15m'),(655,27,11,'Morgoth','2013-09-14 09:08:00',22.71344,58.82275,15,14,2,1,6,2,1,2,'~10m'),(656,27,27,'Morgoth','2013-09-14 10:30:00',22.71441,58.82516,14,1,1,0,6,2,1,2,'~20m'),(657,15,15,'Gimli','2013-09-15 01:41:00',22.61682,58.7828,16,4,1,1,6,2,1,2,'~30m'),(658,15,15,'Gimli','2013-09-15 09:05:00',22.61675,58.78302,15,4,1,1,6,2,1,2,''),(659,15,15,'Gimli','2013-09-15 13:14:00',22.63188,58.78432,14,1,1,0,6,2,1,2,''),(660,15,15,'Gimli','2013-09-15 21:02:00',22.627961,58.784395,16,1,1,1,6,2,1,2,'~50m'),(661,15,11,'Gimli','2013-09-16 02:11:00',22.627961,58.784395,16,1,1,0,6,2,1,2,'~50m'),(662,15,15,'Gimli','2013-09-16 11:13:00',22.61692,58.78305,14,1,1,0,6,2,1,2,'~50m'),(663,15,15,'Gimli','2013-09-16 13:36:00',22.61692,58.78305,15,1,1,0,6,2,1,2,'~50m'),(665,16,16,'Luthien','2013-09-12 21:24:00',22.71632,58.82659,16,14,1,1,6,2,1,2,'~30m'),(666,16,16,'Luthien','2013-09-13 02:07:00',22.7187,58.83409,16,14,1,0,6,2,1,2,'~10m'),(667,16,16,'Luthien','2013-09-13 09:00:00',22.71692,58.83064,14,14,1,0,6,2,1,2,'~20m'),(668,16,16,'Luthien','2013-09-13 13:22:00',22.71634,58.8299,15,16,1,1,6,2,1,2,'~5m'),(669,16,16,'Luthien','2013-09-13 20:17:00',22.71333,58.8222,15,4,1,0,6,2,1,2,'~10m'),(670,16,16,'Luthien','2013-09-13 22:41:00',22.71681,58.83046,16,14,1,0,1,2,1,2,'~15m'),(671,16,16,'Luthien','2013-09-14 09:12:00',22.71642,58.82975,15,4,1,1,6,2,1,2,'~10m'),(672,16,16,'Luthien','2013-09-14 14:41:00',22.71865,58.82502,14,14,1,0,6,2,1,2,'~100m'),(673,16,16,'Luthien','2013-09-14 22:01:00',22.71947,58.82502,16,14,1,0,6,2,1,2,'~20m'),(675,16,16,'Luthien','2013-09-15 09:52:00',22.71656,58.82985,15,4,1,0,6,2,1,2,'~20m'),(678,21,21,'Nazgul','2013-09-12 10:25:00',22.63618,58.81278,14,16,1,1,6,2,1,2,'<20m'),(677,16,16,'Luthien','2013-09-16 09:31:00',22.71648,58.82992,15,4,1,0,6,2,1,2,'~20m'),(679,21,21,'Nazgul','2013-09-12 19:40:00',22.64454,58.81099,16,1,1,0,6,2,1,2,'~5m'),(680,21,21,'Nazgul','2013-09-13 01:21:00',22.64057,58.81201,16,1,1,1,6,2,1,2,'~10m'),(681,21,21,'Nazgul','2013-09-13 08:29:00',22.64968,58.81019,15,1,1,0,6,2,1,2,'>50m'),(682,21,21,'Nazgul','2013-09-13 15:07:00',22.6502,58.81022,14,1,1,0,6,2,1,2,''),(683,21,21,'Nazgul','2013-09-13 19:23:00',22.6497,58.81013,15,16,1,1,6,2,1,2,'~5m'),(684,21,21,'Nazgul','2013-09-14 01:36:00',22.64982,58.8103,16,1,1,0,6,2,1,2,'~10m'),(685,21,21,'Nazgul','2013-09-14 11:10:00',22.65725,58.81163,14,1,1,0,6,2,1,2,'~20m'),(686,21,21,'Nazgul','2013-09-15 00:30:00',22.67023,58.814,16,1,1,0,6,2,1,2,'~20m'),(687,21,21,'Nazgul','2013-09-15 10:30:00',22.67289,58.81458,14,1,1,0,6,2,1,2,'<20m'),(688,21,21,'Nazgul','2013-09-15 23:45:00',22.67644,58.8143,16,1,1,0,6,2,1,2,'~10m'),(689,21,21,'Nazgul','2013-09-16 09:05:00',22.67832,58.81431,15,1,1,0,6,2,1,2,'~5m'),(690,22,22,'Sauron','2013-09-12 15:02:00',22.88939,58.87551,15,16,3,1,6,1,1,1,'~50m'),(691,22,22,'Sauron','2013-09-12 22:41:00',22.88391,58.88029,16,1,1,0,6,2,1,2,'~20m'),(693,22,22,'Sauron','2013-09-13 08:25:00',22.88591,58.88029,14,1,1,0,6,2,1,2,'~20m'),(701,28,28,'Shelob','2013-09-12 08:39:00',22.65664,58.79436,15,1,1,0,6,2,1,2,'~10m'),(695,22,11,'Sauron','2013-09-14 21:20:00',22.88005,58.88173,16,1,1,1,6,2,1,2,'~20m'),(696,22,22,'Sauron','2013-09-15 02:26:00',22.89175,58.87877,16,1,1,1,6,2,1,2,'~20m'),(697,22,22,'Sauron','2013-09-15 11:35:00',22.898891,58.876818,15,1,1,0,6,2,1,2,''),(698,22,22,'Sauron','2013-09-15 14:45:00',22.88817,58.87953,15,1,1,0,6,2,1,2,'20-50m'),(699,22,11,'Sauron','2013-09-16 01:13:00',22.90484,58.87346,16,1,1,1,6,2,1,2,''),(700,22,22,'Sauron','2013-09-16 08:15:00',22.87968,58.88185,14,1,1,0,6,2,1,2,'~20m'),(702,28,28,'Shelob','2013-09-12 14:18:00',22.65664,58.79436,14,1,1,0,6,2,1,2,''),(713,17,17,'Bombur','2013-09-16 21:54:00',22.764438,58.794255,16,1,2,0,2,2,2,2,'GPS 481/482\r\n±50m\r\non the beach'),(704,28,28,'Shelob','2013-09-13 00:30:00',22.65668,58.7942,16,1,1,0,6,2,1,2,''),(705,28,28,'Shelob','2013-09-13 08:46:00',22.65664,58.79436,15,1,1,0,6,2,1,2,'~30m'),(706,28,28,'Shelob','2013-09-13 19:40:00',22.65693,58.79542,15,1,1,0,6,2,1,2,'~20m'),(707,28,28,'Shelob','2013-09-14 01:26:00',22.65664,58.79447,16,1,1,0,6,2,1,2,'~25m'),(709,28,28,'Shelob','2013-09-15 01:31:00',22.65664,58.79447,16,1,1,0,6,2,1,2,'~20m'),(710,28,28,'Shelob','2013-09-15 09:19:00',22.65668,58.79425,15,1,1,0,6,2,1,2,'~3m'),(711,28,28,'Shelob','2013-09-15 21:20:00',22.65695,58.7904,16,1,1,0,6,2,1,2,'~15m'),(712,28,28,'Shelob','2013-09-16 08:52:00',22.65698,58.79061,15,1,1,0,6,2,1,2,'~5m'),(714,19,19,'Eomer','2013-09-16 19:10:00',22.61657,58.81601,16,1,1,0,6,3,2,2,'GPS 479	\r\n±15m	'),(715,19,19,'Eomer','2013-09-17 01:53:00',22.61657,58.81601,16,1,1,0,6,3,2,2,'GPS 479	\r\n±15m'),(716,20,20,'Eowyn','2013-09-16 22:35:00',22.72432,58.80295,17,14,1,0,7,2,2,2,'GPS 424\r\n±30m'),(717,14,14,'Galadriel','2013-09-16 23:40:00',22.68007,58.81415,17,1,1,1,6,2,3,2,'GPS 484	\r\n±10m	'),(718,15,15,'Gimli','2013-09-16 19:34:00',22.61742,58.78318,16,4,1,0,6,2,2,2,'GPS 480	\r\n±5m	'),(719,15,15,'Gimli','2013-09-17 00:32:00',22.61742,58.78318,16,4,1,0,6,2,2,2,'GPS 480	\r\n±5m	'),(720,16,16,'Luthien','2013-09-15 23:03:00',22.71663,58.82995,16,14,1,1,6,2,1,2,'GPS 203	\r\n±15m	'),(721,16,16,'Luthien','2013-09-16 23:03:00',22.71581,58.82679,17,14,1,1,6,2,6,2,'GPS 483	\r\n±20m'),(722,21,21,'Nazgul','2013-09-16 23:49:00',22.67757,58.81425,17,1,1,1,6,2,2,2,'GPS 485	\r\n±10m	'),(723,22,22,'Sauron','2013-09-14 09:34:00',22.86223,58.88897,14,4,1,1,6,2,1,2,'GPS 454	\r\n±50m, 310º'),(724,22,22,'Sauron','2013-09-16 20:26:00',22.86779,58.88662,16,1,1,1,6,2,3,2,'GPS 412	\r\n±20m	'),(725,28,28,'Shelob','2013-09-17 00:22:00',22.65229,58.79261,16,2,1,0,6,2,3,2,'GPS 485	\r\n±20m	'),(726,27,27,'Morgoth','2013-09-17 19:58:00',22.86076,58.8466,15,1,2,1,7,2,1,2,'~10m but moving. Probably staying in Vaelma Jõgi by the big road.'),(727,17,17,'Bombur','2013-09-17 10:21:00',22.76931,58.79168,15,1,2,1,2,2,4,2,'GPS 346	\r\n±50m 258º'),(728,17,17,'Bombur','2013-09-17 22:01:00',22.76959,58.79216,15,4,2,1,2,2,2,2,'GPS 353	\r\n±25m \r\n	'),(729,17,17,'Bombur','2013-09-18 01:15:00',22.75803,58.79972,16,1,1,0,2,2,3,2,'GPS 425	\r\n±20m	'),(730,19,19,'Eomer','2013-09-17 07:52:00',22.60859,58.81834,15,1,1,1,6,3,4,2,'GPS	344	\r\n± 50m'),(731,19,11,'Eomer','2013-09-17 16:00:00',22.6357,58.81281,14,1,1,0,6,3,2,2,'GPS 490	\r\n± 20m'),(732,19,19,'Eomer','2013-09-17 19:24:00',22.62122,58.81395,16,1,1,0,6,2,3,2,'GPS 396	\r\n± 5m	'),(733,19,19,'Eomer','2013-09-17 22:25:00',22.62122,58.81395,15,1,1,0,6,2,3,2,'GPS 396		'),(757,20,20,'Eowyn','2013-09-17 09:18:00',22.72343,58.80347,15,14,1,0,6,2,2,2,'~20m'),(735,20,20,'Eowyn','2013-09-17 12:24:00',22.72318,58.80355,15,14,1,0,7,2,2,1,'GPS 348	\r\n±30m, 301º	'),(736,20,20,'Eowyn','2013-09-17 22:10:00',22.72343,58.80347,15,14,1,1,7,2,2,2,'GPS 317	\r\n±10m	'),(737,20,20,'Eowyn','2013-09-18 01:25:00',22.72432,58.80295,16,14,1,0,7,2,2,2,'GPS 424	\r\n±50m	'),(738,14,14,'Galadriel','2013-09-17 09:06:00',22.67827,58.81436,15,1,1,0,6,2,4,2,'±30m	'),(760,16,11,'Luthien','2013-09-17 21:10:00',22.715753,58.823896,15,14,3,1,6,2,3,2,''),(740,15,15,'Gimli','2013-09-17 13:18:00',22.60647,58.78955,14,14,1,1,6,2,2,2,'GPS 486	\r\n±50m	'),(741,15,15,'Gimli','2013-09-17 20:18:00',22.60834,58.78971,16,14,3,1,5,2,3,2,'GPS 491/492/493	\r\n1. ±30m, 122º; 2. ±50m, 82º: 3. ±100m, 65 \r\n*±30m	'),(742,15,15,'Gimli','2013-09-18 02:16:00',22.56415,58.80411,16,4,1,1,6,2,3,2,'GPS 495	\r\n±10m	'),(743,16,16,'Luthien','2013-09-17 11:10:00',22.71597,58.82698,15,14,1,1,6,2,2,2,'GPS 312	\r\n±50m, 79º	'),(744,16,16,'Luthien','2013-09-17 13:56:00',22.71741,58.825,15,14,1,1,6,2,2,2,'GPS 349	\r\n±10m	'),(746,27,11,'Morgoth','2013-09-17 19:58:00',22.86076,58.8466,15,4,1,1,7,2,3,2,'GPS 350	\r\n±10m'),(747,27,11,'Morgoth','2013-09-17 22:02:00',22.85718,58.84639,16,4,1,1,7,2,2,2,'GPS 494	\r\n± 30m'),(754,17,17,'Bombur','2013-09-18 10:16:00',22.75813,58.7997,15,1,1,0,2,2,2,2,'~10m'),(748,21,21,'Nazgul','2013-09-17 09:05:00',22.67827,58.81436,15,1,1,0,6,2,4,2,'±30m	'),(749,21,21,'Nazgul','2013-09-17 11:35:00',22.67827,58.81436,15,1,1,0,6,2,4,2,'±30m	'),(750,22,11,'Sauron','2013-09-17 08:00:00',22.88005,58.88173,14,1,1,0,6,2,3,2,'GPS 461	\r\n±20m'),(751,28,28,'Shelob','2013-09-17 08:50:00',22.65208,58.79273,15,4,1,0,6,2,3,2,'GPS 345	\r\n±10m'),(752,28,28,'Shelob','2013-09-17 13:57:00',22.6519,58.79347,14,16,1,0,6,2,2,2,'GPS 487	\r\n±100m, 280º	'),(753,28,28,'Shelob','2013-09-17 20:48:00',22.6519,58.79347,16,4,1,1,6,2,3,2,'GPS 487	\r\n±30m, 350º\r\nbetween the two canals	'),(755,19,11,'Eomer','2013-09-18 08:30:00',22.62122,58.81395,15,1,1,0,6,3,2,2,'~50m'),(756,19,19,'Eomer','2013-09-18 15:32:00',22.61034,58.81794,14,1,1,0,6,3,2,2,''),(758,20,20,'Eowyn','2013-09-18 10:31:00',22.725497,58.802395,15,14,1,1,7,2,2,2,''),(759,20,20,'Eowyn','2013-09-18 15:30:00',22.724016,58.803273,15,14,1,1,7,2,2,2,''),(762,27,27,'Morgoth','2013-09-18 11:05:00',22.85676,58.84652,15,1,1,1,7,2,3,2,'~5m'),(761,16,16,'Luthien','2013-09-18 10:04:00',22.7128,58.821,15,14,1,1,6,2,2,2,'~30m but moving very much'),(763,27,27,'Morgoth','2013-09-18 14:56:00',22.85676,58.84652,15,1,1,1,7,2,3,2,'~20m'),(764,21,21,'Nazgul','2013-09-18 09:29:00',22.67823,58.81432,15,1,1,0,6,2,2,2,'~50m'),(765,21,21,'Nazgul','2013-09-18 15:08:00',22.67823,58.81432,14,1,1,0,6,2,2,2,'~50m'),(766,17,17,'Bombur','2013-09-18 13:40:00',22.758,58.79971,14,1,1,0,2,2,2,2,'<50m'),(767,16,16,'Luthien','2013-09-18 14:48:00',22.7128,58.821,14,14,1,1,6,2,2,2,''),(768,14,14,'Galadriel','2013-09-18 11:14:00',22.71796,58.804807,14,14,1,0,6,2,2,2,''),(769,28,28,'Shelob','2013-09-18 12:23:00',22.620803,58.796804,14,5,5,0,1,1,2,2,''),(770,17,17,'Bombur','2013-09-19 00:05:00',22.75129,58.80038,17,1,1,1,2,2,5,2,'GPS 386	\r\n±30m	'),(771,20,20,'Eowyn','2013-09-19 00:38:00',22.72342,58.8035,17,14,1,0,7,2,5,2,'GPS 434	\r\n±50m \r\nbetween the two bridges	'),(772,15,11,'Gimli','2013-09-18 22:50:00',22.71333,58.82138,17,14,2,0,6,2,5,2,'GPS 502	\r\n±50m'),(773,16,11,'Luthien','2013-09-18 22:49:00',22.71333,58.82138,17,14,1,1,6,2,5,2,'GPS 502	\r\n±30m'),(774,16,11,'Luthien','2013-09-19 02:07:00',22.71333,58.82138,17,14,1,1,6,2,5,1,'GPS 502	\r\n±30m\r\nprobably underground'),(775,27,11,'Morgoth','2013-09-18 21:00:00',22.85718,58.84639,17,14,1,0,7,2,2,2,'~30m'),(777,28,28,'Shelob','2013-09-18 20:00:00',22.62158,58.7951,17,13,4,0,6,2,2,2,'GPS 501\r\n±30m		'),(778,28,28,'Shelob','2013-09-19 01:22:00',22.62158,58.7951,17,13,4,0,6,2,3,2,'GPS 501		\r\n± 30m'),(779,17,11,'Bombur','2013-09-19 08:06:00',22.75809,58.79967,15,1,1,1,2,2,1,2,'~20m'),(780,17,17,'Bombur','2013-09-19 21:06:00',22.75946,58.80004,15,1,1,1,2,2,1,2,'~50m but moving a lot'),(781,17,17,'Bombur','2013-09-20 01:23:00',22.75803,58.79972,16,1,1,1,2,2,1,2,'~50m but moving'),(796,20,20,'Eowyn','2013-09-19 20:41:00',22.72512,58.80296,15,14,1,0,7,2,1,2,'~30m'),(783,17,17,'Bombur','2013-09-20 21:06:00',22.75812,58.79967,15,1,1,1,2,2,1,2,'~30m'),(784,17,17,'Bombur','2013-09-20 23:51:00',22.75812,58.79967,14,1,1,0,2,2,1,2,''),(785,17,17,'Bombur','2013-09-21 09:20:00',22.7581,58.79968,18,1,1,1,2,2,1,2,'5-20m'),(786,19,19,'Eomer','2013-09-19 07:18:00',22.60843,58.81842,15,1,1,0,6,3,2,2,'~50m'),(787,19,19,'Eomer','2013-09-19 17:30:00',22.64319,58.81083,14,1,1,1,6,3,1,2,'~20m'),(788,19,19,'Eomer','2013-09-19 00:00:00',22.64973,58.8105,15,1,1,1,6,3,1,2,'~50m'),(789,19,19,'Eomer','2013-09-20 03:38:00',22.64454,58.81099,16,1,1,1,6,3,1,2,'~15m'),(790,19,19,'Eomer','2013-09-20 10:05:00',22.643409,58.81143,15,1,1,1,6,3,1,2,''),(791,19,19,'Eomer','2013-09-20 21:56:00',22.6196,58.81454,15,1,1,1,6,3,1,2,'Moving too much for a distance estimation, but close at times'),(792,19,19,'Eomer','2013-09-21 00:24:00',22.6169,58.81564,14,1,1,0,6,3,1,2,'<20m'),(793,19,19,'Eomer','2013-09-21 08:30:00',22.61936,58.81462,15,1,1,1,6,2,2,2,'~50m but moving'),(794,20,11,'Eowyn','2013-09-19 07:54:00',22.72334,58.80342,15,14,1,0,7,2,2,2,'30-40m'),(795,20,20,'Eowyn','2013-09-19 15:44:00',22.72334,58.80342,15,14,1,0,7,2,2,2,''),(797,20,20,'Eowyn','2013-09-20 01:33:00',22.72432,58.80295,16,14,1,0,7,2,1,2,'~20m'),(798,20,20,'Eowyn','2013-09-20 11:30:00',22.72445,58.80291,15,14,1,1,7,2,1,2,'~50m but moving'),(799,20,20,'Eowyn','2013-09-20 21:34:00',22.72516,58.80244,15,14,1,0,7,3,1,2,'~20m'),(800,20,20,'Eowyn','2013-09-20 23:55:00',22.72516,58.80244,14,14,1,1,7,3,1,2,''),(801,20,20,'Eowyn','2013-09-21 09:17:00',22.72332,58.80373,15,14,1,0,7,3,1,2,'<5m'),(802,28,11,'Shelob','2013-09-19 07:31:00',22.62144,58.79527,15,13,5,0,1,1,2,2,'~20m'),(803,28,28,'Shelob','2013-09-19 20:06:00',22.62171,58.79554,15,13,5,0,1,1,2,2,'~50m'),(804,28,28,'Shelob','2013-09-20 03:58:00',22.63578,58.79266,1,1,1,1,6,2,1,2,'~20m'),(805,28,28,'Shelob','2013-09-20 16:41:00',22.6538,58.79481,15,1,1,1,6,2,2,2,'~50m'),(806,28,28,'Shelob','2013-09-20 10:08:00',22.652042,58.79229,17,1,1,0,6,2,2,2,''),(807,28,28,'Shelob','2013-09-21 08:50:00',22.64954,58.79673,18,1,1,0,6,2,2,2,'~20m'),(808,28,28,'Shelob','2013-09-21 10:43:00',22.65661,58.79453,15,1,1,0,6,2,2,2,'<10m, deep underground'),(809,28,28,'Shelob','2013-09-21 18:10:00',22.65673,58.7938,18,1,1,1,6,2,1,2,'<20m'),(810,28,28,'Shelob','2013-09-21 20:58:00',22.65668,58.7942,17,1,1,0,6,2,1,2,'~10m'),(811,28,28,'Shelob','2013-09-22 08:54:00',22.65693,58.79542,15,1,1,0,6,2,1,2,'~30m but moving'),(812,28,28,'Shelob','2013-09-22 15:04:00',22.65707,58.79021,15,4,1,0,6,2,1,2,'~5m, underground'),(813,28,28,'Shelob','2013-09-22 23:10:00',22.65664,58.79427,14,1,1,0,6,2,1,3,'<10m'),(814,28,28,'Shelob','2013-09-23 14:43:00',22.65661,58.79453,15,1,1,0,6,2,2,2,'~15m. Underground.'),(815,28,28,'Shelob','2013-09-23 17:25:00',22.65695,58.7904,18,1,1,0,6,2,2,2,'~10m, underground'),(816,22,22,'Sauron','2013-09-21 23:33:00',22.93735,58.86971,17,16,1,0,7,3,1,2,'~50m'),(817,22,11,'Sauron','2013-09-22 02:45:00',22.911458,58.875776,14,14,1,1,6,2,1,2,''),(820,22,22,'Sauron','2013-09-22 11:40:00',22.88045,58.8816,16,1,1,0,6,3,1,2,'~15m'),(819,22,22,'Sauron','2013-09-22 09:40:00',22.89427,58.87812,16,1,1,1,6,3,1,2,'~10m'),(821,22,11,'Sauron','2013-09-23 14:00:00',22.93727,58.86958,18,2,1,1,7,3,2,2,'~5m, under the bridge, visual confirmation'),(822,22,22,'Sauron','2013-09-23 15:23:00',22.93727,58.86958,18,2,1,1,7,3,2,2,'~15m'),(823,22,22,'Sauron','2013-09-23 18:30:00',22.93669,58.86503,18,14,1,1,7,3,2,2,'~50m'),(824,21,21,'Nazgul','2013-09-19 08:20:00',22.66978,58.81392,14,1,1,0,6,2,1,2,'~5m'),(825,21,21,'Nazgul','2013-09-19 16:01:00',22.66978,58.81392,15,1,1,0,6,2,1,2,'~5m'),(826,21,21,'Nazgul','2013-09-19 20:17:00',22.64973,58.8105,15,1,1,0,6,2,1,2,'~5m'),(827,21,21,'Nazgul','2013-09-20 03:33:00',22.64982,58.8103,16,1,1,0,6,2,1,2,'~15m'),(828,21,11,'Nazgul','2013-09-20 10:03:00',22.678256,58.814408,15,1,1,0,6,2,1,2,'<5m'),(829,21,21,'Nazgul','2013-09-20 16:25:00',22.64982,58.8103,17,1,1,0,6,3,2,2,'~15m'),(830,21,21,'Nazgul','2013-09-21 09:10:00',22.6782,58.81432,18,1,1,1,6,3,2,2,'~50m'),(831,21,21,'Nazgul','2013-09-21 17:36:00',22.67289,58.81458,16,1,1,0,6,2,1,2,'~15m'),(832,21,21,'Nazgul','2013-09-21 20:17:00',22.672555,58.814697,14,1,1,0,6,3,1,2,''),(833,21,21,'Nazgul','2013-09-22 01:32:00',22.672555,58.814697,14,1,1,0,6,3,1,2,'<20m'),(839,16,16,'Luthien','2013-09-19 11:11:00',22.71248,58.82113,15,14,1,1,6,2,4,2,'~30m'),(835,21,21,'Nazgul','2013-09-22 09:15:00',22.673879,58.814764,18,1,1,1,6,3,1,2,''),(836,21,21,'Nazgul','2013-09-22 22:40:00',22.64982,58.8103,17,1,1,0,6,2,2,3,'~20m'),(837,21,21,'Nazgul','2013-09-23 08:40:00',22.66978,58.81392,16,1,1,0,6,2,2,2,'~5m'),(838,21,21,'Nazgul','2013-09-23 16:56:00',22.67474,58.81434,16,1,1,0,6,2,2,2,'~10m'),(840,16,16,'Luthien','2013-09-19 15:50:00',22.71248,58.82113,15,14,1,1,6,2,4,2,'~30m'),(841,16,16,'Luthien','2013-09-20 11:00:00',22.71368,58.82173,15,14,3,1,6,2,1,2,'~50m if not underground, then closer'),(842,16,16,'Luthien','2013-09-20 18:06:00',22.71248,58.82113,15,14,3,1,6,2,1,2,'~50m'),(843,16,16,'Luthien','2013-09-20 23:40:00',22.71248,58.82113,14,14,3,0,6,2,1,2,''),(844,16,16,'Luthien','2013-09-21 09:45:00',22.71399,58.81824,15,12,1,1,1,2,4,2,'~20m'),(845,16,16,'Luthien','2013-09-21 15:48:00',22.7146,58.81934,18,12,1,1,1,2,1,2,'~20m'),(846,16,16,'Luthien','2013-09-21 21:20:00',22.71835,58.83318,17,12,1,0,1,2,1,2,'~20m'),(847,16,16,'Luthien','2013-09-22 12:00:00',22.71753,58.83183,18,12,1,1,1,2,1,2,'<10m'),(848,16,16,'Luthien','2013-09-22 14:11:00',22.72463,58.83181,15,1,1,1,1,2,4,2,'~25m'),(849,16,16,'Luthien','2013-09-22 21:37:00',22.716887,58.820941,17,12,1,1,1,2,2,3,''),(850,16,16,'Luthien','2013-09-23 08:25:00',22.71397,58.81817,15,12,1,1,1,2,2,3,'~50m'),(851,16,16,'Luthien','2013-09-23 15:56:00',22.71366,58.81818,18,12,1,1,1,2,2,3,'~50m'),(852,14,14,'Galadriel','2013-09-19 08:55:00',22.67824,58.81425,14,1,1,0,6,2,1,2,'~20m'),(853,14,14,'Galadriel','2013-09-19 16:01:00',22.67824,58.81425,15,1,1,0,6,2,1,2,'~20m'),(854,14,14,'Galadriel','2013-09-19 20:28:00',22.67821,58.81433,15,1,1,0,6,2,1,2,'~100m'),(855,14,14,'Galadriel','2013-09-20 02:56:00',22.70021,58.81353,16,1,1,1,6,2,1,2,'~15m'),(856,14,14,'Galadriel','2013-09-20 11:00:00',22.707875,58.812008,17,14,1,1,7,3,2,2,''),(857,14,14,'Galadriel','2013-09-20 18:22:00',22.71034,58.81196,15,14,1,1,6,2,1,2,'~20m'),(858,14,14,'Galadriel','2013-09-20 23:44:00',22.71034,58.81196,14,14,1,0,6,2,1,2,''),(859,14,14,'Galadriel','2013-09-21 10:12:00',22.71,58.81192,15,14,1,0,6,2,4,2,'~10m'),(860,14,14,'Galadriel','2013-09-21 20:05:00',22.706527,58.812442,14,14,1,0,6,2,1,2,''),(861,14,14,'Galadriel','2013-09-22 09:13:00',22.67825,58.81424,18,1,1,1,6,2,1,2,'~30m'),(862,14,14,'Galadriel','2013-09-22 22:35:00',22.684693,58.814053,14,1,1,0,6,2,1,3,''),(863,14,14,'Galadriel','2013-09-23 09:40:00',22.69772,58.81397,16,14,1,0,6,2,3,2,'~5m, underground'),(864,17,17,'Bombur','2013-09-21 16:08:00',22.75803,58.79972,18,1,1,1,2,2,1,2,'~20m	'),(865,17,17,'Bombur','2013-09-21 21:38:00',22.75803,58.79972,17,1,1,0,2,1,1,2,'<20m	'),(866,17,17,'Bombur','2013-09-22 10:54:00',22.75822,58.79971,18,1,1,0,2,2,1,2,'~30m	'),(867,17,17,'Bombur','2013-09-22 21:55:00',22.75803,58.79972,17,1,1,0,2,2,1,2,'<20m	'),(868,17,17,'Bombur','2013-09-23 17:52:00',22.75967,58.80012,16,1,1,0,2,2,2,2,'±100m, underground	'),(869,17,17,'Bombur','2013-09-23 22:26:00',22.75952,58.80008,15,1,1,0,2,2,3,2,'±100-200m'),(870,17,11,'Bombur','2013-09-24 00:14:00',22.75803,58.79972,17,1,1,0,2,2,2,2,'±50m\r\n'),(871,17,11,'Bombur','2013-09-24 09:05:00',22.75803,58.79972,16,1,1,0,2,2,2,2,'±30m'),(872,17,17,'Bombur','2013-09-24 14:13:00',22.75813,58.79946,15,1,1,0,2,2,2,2,'±20m	'),(873,19,19,'Eomer','2013-09-21 17:54:00',22.62122,58.81395,16,1,1,1,6,3,2,2,'~15m	'),(874,19,19,'Eomer','2013-09-21 20:49:00',22.62242,58.81348,17,1,1,1,6,3,1,2,'	'),(875,19,19,'Eomer','2013-09-22 09:30:00',22.6972,58.81485,15,14,1,1,6,2,1,2,'~10m	'),(876,19,19,'Eomer','2013-09-23 01:45:00',22.61959,58.81452,17,16,1,0,6,3,2,3,'~20m	'),(877,19,19,'Eomer','2013-09-23 01:45:00',22.61959,58.81452,17,16,1,0,6,3,2,3,'~20m	'),(878,19,19,'Eomer','2013-09-23 07:35:00',22.62122,58.81395,16,1,1,0,6,2,2,2,'±10m, underground	'),(879,19,19,'Eomer','2013-09-23 14:54:00',22.619668,58.814703,15,16,1,1,6,3,2,2,'~5m	'),(880,19,19,'Eomer','2013-09-23 17:09:00',22.6193,58.81486,16,4,1,0,6,3,2,2,'±10m	'),(881,19,19,'Eomer','2013-09-23 20:17:00',22.60859,58.81834,15,1,1,1,6,3,2,2,'±50m'),(882,19,19,'Eomer','2013-09-24 01:26:00',22.61959,58.81459,17,4,1,0,6,3,2,2,'±100m	'),(883,19,19,'Eomer','2013-09-24 10:52:00',22.63702,58.81292,16,1,1,1,6,3,2,2,'±15m	'),(884,17,17,'Bombur','2013-09-24 20:08:00',22.75801,58.79974,18,1,1,0,2,2,1,2,'±20m	'),(885,17,11,'Bombur','2013-09-25 10:28:00',22.75803,58.79972,16,1,1,0,2,2,1,3,'±30m, 185º'),(886,19,19,'Eomer','2013-09-24 21:23:00',22.64454,58.81099,18,1,1,0,6,3,2,2,'±20m	'),(887,19,19,'Eomer','2013-09-25 08:10:00',22.64454,58.81099,16,1,1,0,6,3,1,3,'±10m	'),(888,20,20,'Eowyn','2013-09-21 16:17:00',22.72432,58.80295,16,14,1,1,7,2,1,2,'~20m	'),(889,20,20,'Eowyn','2013-09-21 21:30:00',22.72432,58.80295,17,14,1,1,7,2,1,2,''),(890,20,20,'Eowyn','2013-09-22 01:18:00',22.72342,58.8035,14,14,1,0,7,2,1,2,'<50m	'),(891,20,20,'Eowyn','2013-09-22 11:30:00',22.72318,58.8033,15,14,1,0,7,2,1,2,'Max 30m, probably underground	'),(892,20,20,'Eowyn','2013-09-22 22:20:00',22.72342,58.8035,17,14,1,0,7,3,2,2,'	'),(893,20,20,'Eowyn','2013-09-23 07:45:00',22.72318,58.80355,15,14,1,0,7,3,2,2,''),(894,20,20,'Eowyn','2013-09-23 16:20:00',22.72342,58.8035,18,14,1,1,7,3,2,2,'±100m, up river	'),(895,20,20,'Eowyn','2013-09-23 21:15:00',22.72318,58.80355,15,14,1,0,7,3,2,2,'±20m	'),(896,20,20,'Eowyn','2013-09-24 01:39:00',22.72309,58.8034,17,14,1,0,7,3,2,2,'±200m	'),(897,20,20,'Eowyn','2013-09-24 09:56:00',22.72342,58.8035,16,1,1,0,7,3,2,2,'±100m, up river	'),(898,20,20,'Eowyn','2013-09-24 14:52:00',22.72329,58.8035,15,14,1,1,7,3,2,2,'±50m, up river	'),(899,20,20,'Eowyn','2013-09-24 19:47:00',22.72334,58.80342,18,14,1,0,7,3,1,2,'±50m, up river	'),(900,20,20,'Eowyn','2013-09-25 10:15:00',22.72432,58.80295,16,14,1,1,7,3,1,2,'±30m, up river	'),(901,14,14,'Galadriel','2013-09-24 19:33:00',22.7168,58.80757,18,14,1,0,6,3,1,2,'±220m, 120º	'),(902,14,14,'Galadriel','2013-09-25 10:57:00',22.71572,58.80834,16,14,1,1,6,3,2,3,'±20m	'),(903,16,16,'Luthien','2013-09-23 22:50:00',22.71399,58.81824,15,12,1,0,1,2,2,2,'±50m	'),(904,16,11,'Luthien','2013-09-24 00:21:00',22.7183,58.81795,17,12,1,1,1,2,3,2,'±100m, 308º'),(905,16,11,'Luthien','2013-09-24 09:35:00',22.71812,58.82245,16,12,1,1,1,2,2,2,'±20m'),(906,16,16,'Luthien','2013-09-24 14:25:00',22.71399,58.81824,15,12,1,1,1,2,2,2,'±50m, NE	'),(907,16,16,'Luthien','2013-09-24 20:33:00',22.71508,58.8182,18,12,1,1,1,2,2,2,'208º	'),(908,16,16,'Luthien','2013-09-25 00:17:00',22.71792,58.8323,14,1,1,0,6,2,1,2,''),(909,16,16,'Luthien','2013-09-25 10:44:00',22.71804,58.83265,16,4,1,0,6,1,2,2,'±10m	'),(910,21,21,'Nazgul','2013-09-23 20:59:00',22.67826,58.81446,15,1,1,0,6,3,2,2,'±50-100m	'),(911,21,21,'Nazgul','2013-09-24 10:38:00',22.6722,58.81435,16,1,1,1,6,3,2,2,'±15m	'),(912,21,21,'Nazgul','2013-09-24 15:15:00',22.67826,58.81446,15,1,1,1,6,3,2,2,'±100-200m	'),(913,21,21,'Nazgul','2013-09-25 08:35:00',22.67644,58.8143,16,1,1,0,6,3,1,3,'±5m	'),(914,22,11,'Sauron','2013-09-23 21:13:00',22.93694,58.86195,17,1,1,0,6,3,3,2,'±50m'),(915,22,11,'Sauron','2013-09-24 08:30:00',22.93694,58.86195,16,1,1,0,6,3,2,2,'±20m; between the pond and the branching out canal'),(916,22,22,'Sauron','2013-09-24 15:55:00',22.93761,58.86244,16,1,1,1,7,3,2,2,'±30m; underground	'),(917,22,22,'Sauron','2013-09-24 22:00:00',22.93694,58.86195,18,1,1,1,6,3,2,2,'±50m	'),(918,22,22,'Sauron','2013-09-25 14:00:00',22.93615,58.85587,16,12,1,1,7,2,1,3,'±100m, 158º	'),(919,28,28,'Shelob','2013-09-23 20:45:00',22.65661,58.79453,15,1,1,0,6,2,2,2,'±20-50m	'),(920,28,28,'Shelob','2013-09-24 01:06:00',22.65664,58.79427,17,4,1,0,6,2,2,2,'±20m	'),(921,28,28,'Shelob','2013-09-24 11:05:00',22.65608,58.7942,16,1,1,1,6,2,2,2,'±10m	'),(922,28,28,'Shelob','2013-09-24 20:55:00',22.65695,58.7904,18,4,1,0,6,2,2,2,'±10m	'),(923,28,28,'Shelob','2013-09-25 09:30:00',22.65473,58.78859,16,14,1,1,6,2,1,3,'±200m, 202º; somewhere along the canal that connects her usual canal to Jausa jõgi 	'),(924,17,17,'Bombur','2013-09-25 20:53:00',22.75812,58.79967,15,1,1,0,2,2,1,4,'~30m	'),(925,17,17,'Bombur','2013-09-26 08:16:00',22.75801,58.79974,15,1,1,1,2,2,1,4,'~10m	'),(926,17,17,'Bombur','2013-09-26 17:50:00',22.75809,58.79976,15,1,1,1,2,2,1,3,'±50m	'),(927,17,17,'Bombur','2013-09-26 23:13:00',22.75803,58.79972,14,1,1,0,2,2,5,3,'±20m	'),(928,17,17,'Bombur','2013-09-27 09:30:00',22.75822,58.79971,18,1,1,0,2,2,1,3,'±30m	'),(929,19,19,'Eomer','2013-09-25 21:44:00',22.61978,58.81464,15,14,1,1,6,3,1,3,'~50m'),(930,19,19,'Eomer','2013-09-26 09:50:00',22.6196,58.81465,15,14,1,1,6,2,1,3,'~30m	'),(931,19,19,'Eomer','2013-09-27 00:15:00',22.61083,58.81778,14,1,1,0,6,3,3,3,'±20m	'),(932,19,19,'Eomer','2013-09-27 13:23:00',22.64453,58.81099,16,1,1,1,6,3,3,2,'±10m	'),(933,20,20,'Eowyn','2013-09-25 21:10:00',22.72571,58.80197,15,14,1,0,7,3,1,3,''),(934,20,20,'Eowyn','2013-09-26 09:21:00',22.71003,58.81217,15,1,1,0,7,3,1,4,'<10m	'),(937,14,11,'Galadriel','2013-09-25 20:37:00',22.71,58.81192,15,14,1,0,6,3,3,4,'~10m'),(936,20,20,'Eowyn','2013-09-27 09:20:00',22.72941,58.8003,18,14,1,0,7,3,1,3,'±30m	'),(938,14,14,'Galadriel','2013-09-26 08:40:00',22.7099,58.81235,15,14,1,0,6,3,1,4,'~30m	'),(939,14,14,'Galadriel','2013-09-26 21:10:00',22.67824,58.81425,14,1,1,0,6,3,1,3,'±20m	'),(940,14,11,'Galadriel','2013-09-27 08:50:00',22.67834,58.81443,18,1,1,0,6,3,1,3,'±100m'),(941,16,16,'Luthien','2013-09-25 20:23:00',22.71309,58.82122,15,14,1,1,6,2,1,4,'	'),(942,16,16,'Luthien','2013-09-26 08:38:00',22.71397,58.81817,15,12,1,1,1,2,1,4,''),(943,16,16,'Luthien','2013-09-26 19:20:00',22.71222,58.81942,18,14,1,0,6,3,2,3,'±30m, 218º	'),(944,16,16,'Luthien','2013-09-27 10:10:00',22.71056,58.81446,18,14,1,1,6,3,2,3,'±20m	'),(945,16,16,'Luthien','2013-09-27 13:00:00',22.70966,58.81488,16,14,1,1,6,3,3,3,'±10m	'),(946,16,16,'Luthien','2013-09-27 16:20:00',22.71305,58.80992,16,14,1,1,7,3,3,2,'±30m moving down stream	'),(947,21,21,'Nazgul','2013-09-25 21:21:00',22.67825,58.81424,15,1,1,1,6,3,1,4,'~10m	'),(948,21,21,'Nazgul','2013-09-26 09:30:00',22.67827,58.81436,15,1,1,1,6,3,1,4,''),(949,21,21,'Nazgul','2013-09-27 00:03:00',22.64982,58.8103,14,1,1,0,6,3,5,3,'±20m	'),(950,21,21,'Nazgul','2013-09-27 08:35:00',22.64975,58.81024,18,1,1,0,6,3,1,3,'±5m	'),(951,22,22,'Sauron','2013-09-25 08:20:00',22.93794,58.86252,15,15,1,1,7,3,3,3,'~10m	'),(952,22,22,'Sauron','2013-09-26 10:10:00',22.94382,58.85471,17,1,1,1,7,3,1,3,'±10m	'),(953,28,28,'Shelob','2013-09-25 23:50:00',22.65998,58.77908,14,14,5,0,1,1,1,4,'Animal found dead underground (~30cm). Entrance hole to tunnel 10-12cm. Bite marks and deformed neck/skull.'),(954,17,17,'Bombur','2013-08-26 20:45:00',22.71981,58.83444,14,16,1,1,6,2,1,2,''),(955,17,17,'Bombur','2013-08-29 19:27:00',22.711308,58.86222,17,2,1,0,6,2,1,2,''),(956,17,17,'Bombur','2013-08-30 11:13:00',22.710271,58.864239,14,4,1,1,6,2,1,2,''),(957,17,17,'Bombur','2013-09-08 15:33:00',22.751931,58.80075,16,1,3,0,2,2,1,2,''),(958,19,19,'Eomer','2013-08-26 07:10:00',22.710922,58.816431,16,14,1,0,6,2,1,3,''),(959,19,19,'Eomer','2013-08-26 15:49:00',22.713239,58.816964,16,16,1,1,6,2,1,1,''),(960,19,11,'Eomer','2013-08-26 21:05:00',22.714355,58.815897,14,15,5,0,6,1,1,2,''),(961,19,19,'Eomer','2013-09-02 14:59:00',22.712252,58.810075,17,5,1,1,1,3,2,2,''),(962,19,19,'Eomer','2013-09-03 13:56:00',22.694736,58.813475,17,4,5,1,1,1,2,2,''),(963,19,19,'Eomer','2013-09-04 12:50:00',22.708089,58.816519,16,14,1,0,6,2,1,2,''),(964,19,19,'Eomer','2013-09-04 01:01:00',22.695851,58.813786,8,4,1,0,6,2,2,3,''),(965,19,19,'Eomer','2013-09-11 17:55:00',22.61972,58.81458,15,14,1,1,6,2,1,2,'~20m'),(966,19,19,'Eomer','2013-09-26 16:30:00',22.621872,58.813786,15,14,1,0,6,2,1,3,''),(967,24,24,'Elbereth','2013-09-03 16:15:00',22.648215,58.787465,15,14,1,0,6,2,1,2,''),(968,17,17,'Bombur','2013-09-27 20:32:00',22.75801,58.79974,15,1,1,0,2,2,2,3,'~30m'),(969,17,11,'Bombur','2013-09-28 11:22:00',22.75799,58.79973,17,1,1,1,2,2,2,3,'~30m'),(970,17,17,'Bombur','2013-09-29 01:01:00',22.75803,58.79972,14,1,1,1,2,2,1,3,'<20m'),(971,17,17,'Bombur','2013-09-29 09:31:00',22.75801,58.79974,15,1,1,1,2,2,1,3,'~30m'),(972,19,19,'Eomer','2013-09-27 22:40:00',22.64057,58.81201,14,1,1,0,6,3,2,3,'~20m. Has past Nazgul.\r\n'),(973,19,19,'Eomer','2013-09-28 01:50:00',22.64057,58.81201,14,1,1,0,6,3,1,3,'~10m'),(974,19,19,'Eomer','2013-09-28 13:00:00',22.63932,58.81234,16,1,1,0,6,3,1,3,'~10m'),(975,19,19,'Eomer','2013-09-29 00:45:00',22.63702,58.81292,14,1,1,0,6,3,1,3,'<20m'),(976,20,20,'Eowyn','2013-09-26 17:35:00',22.730774,58.800017,15,14,1,0,7,3,1,3,'~20m'),(977,20,20,'Eowyn','2013-09-27 00:35:00',22.730613,58.80005,14,14,1,0,7,3,3,3,''),(978,20,20,'Eowyn','2013-09-27 20:20:00',22.727659,58.800917,15,14,1,0,7,3,2,3,''),(979,20,20,'Eowyn','2013-09-28 12:19:00',22.72623,58.80172,16,14,1,1,7,3,1,3,'~20m'),(980,20,20,'Eowyn','2013-09-29 01:12:00',22.729456,58.800356,14,14,1,1,7,3,1,3,''),(981,14,14,'Galadriel','2013-09-27 19:50:00',22.70521,58.812708,15,14,1,0,6,3,2,3,''),(982,14,14,'Galadriel','2013-09-28 11:45:00',22.71074,58.81089,16,14,1,1,6,3,1,3,'~20m'),(983,22,22,'Sauron','2013-09-28 09:40:00',22.95482,58.84827,17,1,1,1,7,2,2,3,'±30m	'),(984,22,22,'Sauron','2013-09-28 16:05:00',22.95482,58.84829,17,1,1,1,7,2,2,3,'±30m	'),(985,22,22,'Sauron','2013-09-28 20:35:00',22.955693,58.847725,14,1,1,0,7,2,1,3,'	'),(986,22,22,'Sauron','2013-09-29 09:30:00',22.95527,58.84803,16,1,1,1,7,2,2,3,'±30m	'),(987,22,22,'Sauron','2013-09-29 15:30:00',22.95168,58.85013,16,1,1,0,7,2,2,3,'±30m	'),(988,22,22,'Sauron','2013-09-29 19:19:00',22.94689,58.85308,15,1,1,1,7,2,1,3,'±50-100m'),(989,21,21,'Nazgul','2013-09-27 22:37:00',22.62242,58.81348,14,1,1,1,6,3,2,3,'±50m 	'),(990,21,21,'Nazgul','2013-09-28 12:45:00',22.64973,58.8105,16,1,1,0,6,3,1,3,'±10m; in the tunnel under the road	'),(991,21,21,'Nazgul','2013-09-28 16:10:00',22.64973,58.8105,18,1,1,0,6,3,1,3,''),(992,21,21,'Nazgul','2013-09-29 00:35:00',22.64961,58.81022,14,1,1,1,6,3,1,3,'<20m	'),(993,21,21,'Nazgul','2013-09-29 09:42:00',22.64975,58.81047,15,1,1,1,6,3,1,3,'~20m	'),(994,21,21,'Nazgul','2013-09-29 13:01:00',22.66339,58.81273,16,1,1,1,6,3,1,3,'±20m	'),(995,21,21,'Nazgul','2013-09-29 19:08:00',22.66542,58.81332,17,1,1,1,6,4,1,3,'±10m'),(996,16,16,'Luthien','2013-09-28 11:41:00',22.72078,58.8046,16,14,1,0,7,3,2,3,'±30m	'),(997,16,16,'Luthien','2013-09-28 14:45:00',22.72078,58.8046,16,14,1,0,7,1,2,3,'Same area, heard from the Luguse bridge	'),(998,16,16,'Luthien','2013-09-28 23:20:00',22.72047,58.8065,15,14,4,0,7,3,1,4,'Animal found dead. Back probably broken, bite marks. Body not hidden.	'),(999,14,14,'Galadriel','2013-09-29 12:21:00',22.69016,58.81377,16,14,1,0,6,3,1,3,'±20m	'),(1001,14,14,'Galadriel','2013-09-29 19:20:00',22.68377,58.81399,17,14,1,0,6,3,1,3,'±15m	'),(1002,20,20,'Eowyn','2013-09-29 11:30:00',22.72966,58.80006,16,1,1,0,7,3,1,3,'±20m	'),(1003,19,19,'Eomer','2013-09-29 12:48:00',22.62122,58.81395,16,1,1,0,6,3,1,3,'±20m	'),(1004,17,11,'Bombur','2013-09-29 14:26:00',22.75865,58.79895,16,1,1,0,2,2,1,3,'±10m; underground on the beach'),(1005,17,17,'Bombur','2013-09-29 21:01:00',22.75812,58.79967,15,1,1,1,2,2,1,3,'±50-100m	'),(1006,17,11,'Bombur','2013-09-30 22:05:00',22.7579,58.79947,16,1,1,0,2,2,1,3,'±30m'),(1007,19,11,'Eomer','2013-09-29 20:10:00',22.614276,58.816719,15,14,1,1,6,3,1,3,''),(1008,19,19,'Eomer','2013-09-30 13:13:00',22.60876,58.81841,18,1,1,0,6,3,1,3,'±100m	'),(1009,19,19,'Eomer','2013-10-01 00:20:00',22.63965,58.81221,16,1,1,1,6,3,1,3,'±15m	'),(1010,20,20,'Eowyn','2013-09-29 20:26:00',22.727748,58.800928,15,14,1,0,7,3,1,3,''),(1011,20,20,'Eowyn','2013-09-30 11:00:00',22.72531,58.80256,18,14,1,0,7,3,1,3,'±100m	'),(1012,20,20,'Eowyn','2013-09-30 21:50:00',22.72461,58.80314,16,1,1,1,7,3,1,3,'±30m	'),(1013,14,14,'Galadriel','2013-09-30 23:17:00',22.71735,58.80573,16,14,1,1,7,3,1,3,'±50m; very near to where Luthien was found dead. A faint signal could be heard from the Luguse bridge. There seems to be a lot of reflections, or she is running like crazy	'),(1014,14,14,'Galadriel','2013-10-01 01:29:00',22.71735,58.80573,16,14,1,1,7,3,1,3,'Same area, but could only be heard from the sandpit ±300m up-stream	'),(1015,21,21,'Nazgul','2013-09-30 11:40:00',22.67827,58.81413,18,1,1,0,6,3,1,3,'±5m	'),(1016,21,21,'Nazgul','2013-10-01 00:05:00',22.67289,58.81458,16,1,1,1,6,3,1,3,'±30m	'),(1017,22,22,'Sauron','2013-09-30 18:40:00',22.9525,58.84964,16,1,1,1,7,2,1,3,'±30m	'),(1018,17,17,'Bombur','2013-09-30 10:28:00',22.750365,58.799961,18,1,1,1,2,2,1,3,''),(1019,17,17,'Bombur','2013-10-01 08:35:00',22.75911,58.79989,15,1,1,1,2,2,2,4,'~50m'),(1020,17,17,'Bombur','2013-10-01 23:20:00',22.76738,58.79151,16,1,1,1,2,2,1,3,''),(1021,19,19,'Eomer','2013-10-01 09:23:00',22.647321,58.810497,15,1,1,1,6,3,2,4,''),(1022,19,19,'Eomer','2013-10-02 00:03:00',22.63965,58.81221,16,1,1,1,6,3,1,3,'~15m'),(1023,19,19,'Eomer','2013-10-02 07:50:00',22.642944,58.811675,18,1,1,1,6,3,1,3,''),(1024,20,20,'Eowyn','2013-10-01 08:53:00',22.72571,58.80197,15,14,1,0,7,3,1,4,''),(1025,20,20,'Eowyn','2013-10-01 22:50:00',22.7296,58.8006,16,14,1,0,7,3,1,3,''),(1026,20,20,'Eowyn','2013-10-02 08:31:00',22.72343,58.80347,15,14,1,0,7,3,1,3,'~50m'),(1027,20,20,'Eowyn','2013-08-26 21:15:00',22.712767,58.816519,14,14,5,0,1,1,1,2,''),(1028,20,20,'Eowyn','2013-08-31 14:49:00',22.712553,58.810008,15,4,1,1,6,2,4,2,''),(1029,20,20,'Eowyn','2013-09-01 08:49:00',22.712424,58.810008,17,14,1,1,6,2,3,2,''),(1030,20,11,'Eowyn','2013-09-02 19:22:00',22.714055,58.809186,17,14,1,1,7,3,2,2,''),(1031,20,20,'Eowyn','2013-09-04 20:35:00',22.712123,58.805674,17,14,5,1,1,1,1,2,''),(1032,20,11,'Eowyn','2013-09-08 22:32:00',22.729701,58.800317,8,14,1,1,7,2,1,2,''),(1033,14,14,'Galadriel','2013-09-26 21:30:00',22.70989,58.81253,14,15,2,0,6,2,1,3,''),(1034,14,11,'Galadriel','2013-08-27 08:23:00',22.716458,58.806741,17,16,2,0,7,2,1,3,''),(1035,14,14,'Galadriel','2013-08-27 17:30:00',22.718199,58.804774,17,14,1,1,6,2,1,1,''),(1036,14,14,'Galadriel','2013-08-29 15:41:00',22.712159,58.810097,17,14,1,0,7,2,1,2,''),(1037,14,14,'Galadriel','2013-08-30 13:15:00',22.720749,58.804607,14,14,1,0,6,2,1,2,''),(1038,14,14,'Galadriel','2013-08-30 22:10:00',22.717745,58.805407,17,1,1,1,7,2,1,2,''),(1039,14,14,'Galadriel','2013-08-31 10:00:00',22.715042,58.808119,16,14,1,0,6,2,1,2,''),(1040,14,14,'Galadriel','2013-08-31 14:49:00',22.715342,58.80783,15,14,1,1,6,2,4,2,''),(1041,14,11,'Galadriel','2013-09-04 11:55:00',22.719591,58.804652,16,14,1,0,7,2,1,2,''),(1042,14,14,'Galadriel','2013-09-04 21:15:00',22.715213,58.807941,17,14,1,1,7,2,1,2,''),(1043,14,14,'Galadriel','2013-09-06 20:15:00',22.706072,58.812519,17,14,1,0,6,2,1,2,''),(1044,14,14,'Galadriel','2013-09-07 23:40:00',22.715557,58.807208,17,14,1,0,6,2,1,2,''),(1045,14,14,'Galadriel','2013-09-30 11:40:00',22.701248,58.813542,18,1,1,0,6,3,1,3,''),(1046,14,14,'Galadriel','2013-10-01 08:51:00',22.721865,58.804451,15,14,1,1,7,3,2,4,''),(1047,14,11,'Galadriel','2013-10-01 22:45:00',22.72342,58.8035,16,14,1,1,7,3,1,3,'~20m'),(1048,14,14,'Galadriel','2013-10-02 08:31:00',22.72343,58.80347,15,14,1,1,7,3,1,3,'~50m'),(1049,21,21,'Nazgul','2013-10-01 09:09:00',22.67826,58.81446,15,1,1,0,6,3,2,4,'~50m'),(1050,21,21,'Nazgul','2013-10-01 23:45:00',22.67158,58.8143,16,1,1,1,6,3,1,3,'~30m'),(1051,21,11,'Nazgul','2013-10-02 08:15:00',22.678092,58.814475,18,1,1,1,6,3,1,3,'~20m'),(1052,22,22,'Sauron','2013-09-30 10:28:00',22.952578,58.84959,18,1,1,1,7,2,1,3,''),(1053,22,22,'Sauron','2013-09-30 14:30:00',22.952578,58.84959,18,1,1,1,7,2,1,3,''),(1054,22,22,'Sauron','2013-10-01 18:45:00',22.95465,58.84837,16,1,1,1,7,2,1,3,'~30m'),(1055,22,22,'Sauron','2013-10-02 12:10:00',22.954509,58.848436,15,1,1,0,7,2,1,3,''),(1056,22,22,'Sauron','2013-09-26 19:45:00',22.956605,58.847148,14,1,1,0,7,2,2,1,''),(1057,22,22,'Sauron','2013-09-27 09:50:00',22.956605,58.847148,16,1,1,1,7,2,2,3,''),(1058,22,22,'Sauron','2013-09-27 20:35:00',22.952964,58.849324,14,1,1,0,7,2,2,3,''),(1059,22,22,'Sauron','2013-08-26 21:15:00',22.70972,58.814608,14,14,1,1,6,2,1,2,''),(1060,22,11,'Sauron','2013-08-27 09:49:00',22.72167,58.8375,17,4,1,0,6,2,1,2,''),(1061,22,22,'Sauron','2013-08-27 07:46:00',22.731993,58.857803,16,14,5,0,1,1,1,3,''),(1062,22,22,'Sauron','2013-09-03 23:12:00',22.863915,58.888041,8,3,2,1,5,2,2,3,''),(1063,22,11,'Sauron','2013-09-04 20:01:00',22.897732,58.886267,8,15,5,1,1,1,1,2,''),(1064,22,22,'Sauron','2013-09-09 11:03:00',22.85281,58.89274,14,16,1,1,6,2,1,2,''),(1065,22,22,'Sauron','2013-09-09 14:45:00',22.85281,58.89274,14,16,1,0,6,2,1,2,''),(1066,28,28,'Shelob','2013-09-02 09:45:00',22.654395,58.793558,16,2,1,0,6,2,1,2,''),(1067,13,13,'Saruman','2013-08-27 21:25:00',22.61728,58.815631,16,14,1,0,6,2,1,2,''),(1068,18,18,'Boromir','2013-08-26 21:00:00',22.712338,58.810053,14,14,1,1,7,2,1,2,''),(1069,18,18,'Boromir','2013-08-30 22:00:00',22.68847,58.813964,17,16,1,0,6,2,1,2,''),(1070,26,26,'Gollum','2013-09-02 18:20:00',22.68882,58.784106,15,14,1,0,7,2,2,2,''),(1071,15,15,'Gimli','2013-10-03 17:30:00',22.61891,58.78329,15,4,1,1,6,2,1,3,'<5m, visual confirmation, he looks thin. Something is obviously wrong with the previous mortality signal. Monitored until 20:20.'),(1072,17,17,'Bombur','2013-10-02 20:30:00',22.75775,58.79945,16,1,1,1,2,2,1,3,'~20m'),(1073,17,17,'Bombur','2013-10-03 09:20:00',22.75823,58.7997,18,1,1,0,2,2,1,3,'~20m'),(1074,17,17,'Bombur','2013-10-03 19:41:00',22.75773,58.8004,16,1,1,0,2,2,1,3,'~20m'),(1091,19,19,'Eomer','2013-10-02 21:25:00',22.62122,58.81395,16,1,1,1,6,3,1,3,'~20m'),(1076,19,11,'Eomer','2013-10-03 08:15:00',22.62122,58.81395,18,1,1,1,6,2,1,3,'~20m'),(1077,19,19,'Eomer','2013-10-03 22:05:00',22.61628,58.81609,16,1,1,0,6,3,1,3,'~30m'),(1078,20,20,'Eowyn','2013-10-02 20:40:00',22.72531,58.80256,16,14,1,0,7,2,1,3,'~20m'),(1079,20,11,'Eowyn','2013-10-03 09:00:00',22.72531,58.80256,18,14,1,1,7,2,1,3,'~20m'),(1080,20,20,'Eowyn','2013-10-03 19:52:00',22.72531,58.80256,16,14,1,0,7,2,1,3,'~30m'),(1081,14,14,'Galadriel','2013-10-02 20:47:00',22.72256,58.80363,16,14,1,0,7,3,1,3,'~20m'),(1082,14,14,'Galadriel','2013-10-03 10:35:00',22.719376,58.804674,18,14,1,1,7,2,1,3,''),(1083,14,14,'Galadriel','2013-10-03 20:05:00',22.72209,58.80424,16,14,1,0,7,2,1,3,'~30m'),(1084,15,15,'Gimli','2013-10-03 21:17:00',22.61742,58.78318,16,4,1,0,6,2,1,3,'~20m'),(1085,21,21,'Nazgul','2013-10-02 21:00:00',22.68007,58.81415,16,1,1,0,6,2,1,3,'~20m'),(1086,21,21,'Nazgul','2013-10-03 11:30:00',22.67824,58.81425,18,1,1,0,6,2,1,3,'<50m'),(1087,21,21,'Nazgul','2013-10-03 22:20:00',22.67824,58.81425,16,1,1,0,6,2,1,3,'~20m'),(1088,22,22,'Sauron','2013-10-02 19:05:00',22.95645,58.84745,16,1,1,1,7,2,1,3,'Might be as far as the sea'),(1089,22,22,'Sauron','2013-10-03 10:30:00',22.956433,58.847281,18,1,1,1,7,2,1,3,'~50m'),(1090,22,22,'Sauron','2013-10-03 18:45:00',22.95538,58.84799,16,1,1,0,7,2,1,3,'~50m'),(1092,17,17,'Bombur','2013-10-04 09:50:00',22.75803,58.79972,18,1,1,0,2,2,1,3,'~20m'),(1093,17,17,'Bombur','2013-10-04 18:37:00',22.75805,58.79957,15,1,1,1,2,2,1,3,'Distance varies due to movement, but not farther than 50m when closest'),(1094,19,19,'Eomer','2013-10-04 10:55:00',22.621443,58.813964,18,1,1,1,6,2,1,3,'Probably underground'),(1095,19,19,'Eomer','2013-10-04 19:20:00',22.64981,58.8102,15,1,1,0,6,2,1,3,'~5m'),(1096,20,20,'Eowyn','2013-10-04 08:20:00',22.730963,58.799983,18,14,1,1,1,2,1,3,''),(1097,20,20,'Eowyn','2013-10-04 20:00:00',22.73164,58.79979,15,14,1,1,7,2,1,3,''),(1098,14,14,'Galadriel','2013-10-04 10:00:00',22.721307,58.804585,18,14,1,1,7,2,1,3,''),(1099,14,14,'Galadriel','2013-10-04 19:52:00',22.721307,58.804585,15,14,1,1,6,2,1,3,''),(1100,15,15,'Gimli','2013-10-04 08:00:00',22.61705,58.78293,18,14,1,0,6,2,1,3,'<10m'),(1101,15,15,'Gimli','2013-10-04 16:24:00',22.61817,58.78337,15,4,1,0,6,2,1,3,'~10m'),(1102,21,21,'Nazgul','2013-10-04 10:40:00',22.67824,58.81425,18,1,1,0,6,2,1,3,'~10m'),(1103,21,21,'Nazgul','2013-10-04 19:30:00',22.67716,58.81449,15,1,1,0,6,2,1,3,'~30m'),(1104,22,22,'Sauron','2013-10-04 09:30:00',22.954466,58.848414,18,1,1,0,7,2,1,3,''),(1105,22,22,'Sauron','2013-10-04 18:01:00',22.93761,58.86804,15,14,1,0,7,2,1,3,'~5m, underground'),(1106,21,21,'Nazgul','2013-08-28 09:32:00',22.687526,58.814008,16,1,1,1,6,2,1,2,''),(1107,21,21,'Nazgul','2013-09-03 20:55:00',22.605815,58.789778,17,14,1,0,6,2,1,2,''),(1108,21,21,'Nazgul','2013-09-04 08:20:00',22.604356,58.791779,7,14,1,1,6,2,1,2,''),(1109,21,21,'Nazgul','2013-09-05 22:47:00',22.631443,58.812075,8,4,3,1,6,2,1,3,''),(1110,21,21,'Nazgul','2013-09-24 00:55:00',22.66933,58.814275,17,1,1,0,6,2,5,2,''),(1111,21,21,'Nazgul','2013-09-24 18:50:00',22.675434,58.814608,18,1,1,1,6,2,1,2,''),(1112,21,21,'Nazgul','2013-09-26 16:51:00',22.675173,58.814519,15,1,1,1,6,3,1,3,''),(1113,21,21,'Nazgul','2013-09-28 01:19:00',22.625263,58.813386,14,1,1,1,6,3,2,3,''),(1114,15,15,'Gimli','2013-08-26 21:37:00',22.713565,58.809475,14,14,2,1,6,2,1,2,''),(1115,15,15,'Gimli','2013-08-27 08:27:00',22.717144,58.806608,17,4,1,0,7,2,1,3,''),(1116,15,15,'Gimli','2013-08-28 16:45:00',22.721869,58.804429,16,14,1,0,7,2,1,2,''),(1117,15,15,'Gimli','2013-08-28 19:30:00',22.721869,58.804429,16,14,1,0,7,2,1,2,''),(1118,15,15,'Gimli','2013-08-29 15:45:00',22.71281,58.809808,17,14,1,1,7,2,1,2,''),(1119,15,15,'Gimli','2013-08-31 14:59:00',22.716072,58.806874,15,4,1,0,7,2,1,2,''),(1120,15,15,'Gimli','2013-08-31 23:10:00',22.717792,58.806252,17,14,1,1,7,2,4,2,''),(1121,15,15,'Gimli','2013-09-01 23:02:00',22.71148,58.810519,17,14,1,1,7,2,2,2,''),(1122,15,15,'Gimli','2013-09-07 13:40:00',22.683971,58.784707,16,14,1,0,7,2,1,2,''),(1123,15,15,'Gimli','2013-09-11 00:55:00',22.671955,58.78117,16,16,1,1,5,1,1,2,''),(1124,16,16,'Luthien','2013-09-04 01:09:00',22.728467,58.845372,16,13,5,1,1,1,1,2,''),(1125,16,16,'Luthien','2013-09-04 20:45:00',22.728467,58.845372,8,13,5,0,1,1,1,2,''),(1126,16,16,'Luthien','2013-09-08 22:50:00',22.72032,58.82996,17,16,5,0,1,1,1,2,''),(1127,16,16,'Luthien','2013-09-09 10:07:00',22.72032,58.82996,14,14,5,0,1,1,1,2,''),(1128,16,16,'Luthien','2013-09-11 08:55:00',22.719719,58.826739,17,14,4,1,6,2,1,2,''),(1129,16,16,'Luthien','2013-09-26 23:40:00',22.713368,58.820786,14,12,1,0,1,2,1,3,''),(1130,16,16,'Luthien','2013-09-27 19:50:00',22.712381,58.810075,15,14,1,0,7,3,2,3,''),(1131,16,16,'Luthien','2013-09-27 23:57:00',22.710754,58.810875,14,14,2,1,7,3,2,3,''),(1132,17,17,'Bombur','2013-10-05 13:50:00',22.75784,58.80018,16,1,1,0,2,2,1,3,'~15m	'),(1133,17,17,'Bombur','2013-10-05 20:05:00',22.75784,58.80018,16,1,1,0,2,2,1,3,'~50m	'),(1134,17,17,'Bombur','2013-10-06 08:53:00',22.75805,58.79979,15,1,1,0,2,2,1,3,'		'),(1135,17,17,'Bombur','2013-10-06 17:00:00',22.757639,58.800461,15,1,1,0,2,2,1,3,'~20m	'),(1136,17,17,'Bombur','2013-10-07 11:30:00',22.753519,58.802129,15,1,1,1,2,2,1,3,''),(1137,17,17,'Bombur','2013-10-08 08:41:00',22.75803,58.79972,17,1,1,0,2,2,3,3,'<50m	'),(1138,19,19,'Eomer','2013-10-05 18:30:00',22.67413,58.81459,16,1,1,0,6,3,1,3,''),(1139,19,19,'Eomer','2013-10-06 10:04:00',22.64497,58.81085,15,1,1,0,6,3,2,3,'~10m\r\n	'),(1140,19,19,'Eomer','2013-10-06 18:56:00',22.64497,58.81085,15,1,1,0,6,2,1,3,'~50m  	'),(1141,19,19,'Eomer','2013-10-07 12:42:00',22.64445,58.81099,15,1,1,0,6,2,1,3,'~10m	'),(1142,19,19,'Eomer','2013-10-08 09:18:00',22.64454,58.81099,17,1,1,0,6,2,2,3,'<20m	'),(1143,20,20,'Eowyn','2013-10-05 14:15:00',22.73161,58.79978,16,1,1,1,7,2,1,3,'~15m	'),(1144,20,20,'Eowyn','2013-10-05 20:11:00',22.72629,58.80172,16,14,1,1,7,2,1,3,'~30m	'),(1145,20,20,'Eowyn','2013-10-06 09:00:00',22.726414,58.801562,15,1,1,0,7,2,1,3,''),(1146,20,20,'Eowyn','2013-10-06 15:22:00',22.726414,58.801562,15,14,1,1,7,2,1,3,''),(1147,20,20,'Eowyn','2013-10-07 11:46:00',22.72963,58.80004,15,14,1,0,7,2,1,3,''),(1148,20,20,'Eowyn','2013-10-08 08:08:00',22.72461,58.80314,17,14,1,1,7,2,1,3,'<20m	'),(1149,14,14,'Galadriel','2013-10-05 14:30:00',22.72309,58.8034,16,14,1,0,7,2,1,3,'~15m	'),(1150,14,14,'Galadriel','2013-10-05 20:15:00',22.72309,58.8034,16,14,1,0,7,2,1,3,'~50m	'),(1151,14,14,'Galadriel','2013-10-06 14:15:00',22.70298,58.81308,15,14,1,0,6,2,1,3,'<5m'),(1152,14,14,'Galadriel','2013-10-06 18:30:00',22.69743,58.814019,15,1,1,0,6,2,1,3,''),(1153,14,14,'Galadriel','2013-10-07 12:35:00',22.69045,58.81375,15,14,1,0,6,2,1,3,'~10m	'),(1154,14,14,'Galadriel','2013-10-08 08:52:00',22.71677,58.80762,17,4,1,0,6,2,1,3,'~30m	'),(1155,15,15,'Gimli','2013-10-05 08:20:00',22.61529,58.78339,16,2,1,1,6,2,1,3,'~5m. Visual confirmation.	'),(1156,15,15,'Gimli','2013-10-05 16:40:00',22.60347,58.78561,16,14,3,0,6,2,1,3,'~10m.  	'),(1157,15,15,'Gimli','2013-10-06 12:49:00',22.56576,58.77434,15,1,1,0,6,2,1,3,'2m, visual confirmation	'),(1158,15,15,'Gimli','2013-10-06 19:20:00',22.56576,58.77434,15,1,1,0,6,2,1,3,'~10m	'),(1160,15,15,'Gimli','2013-10-07 08:16:00',22.56506,58.77379,15,1,1,0,6,2,1,3,'~10m.	'),(1161,15,15,'Gimli','2013-10-07 19:01:00',22.56506,58.77379,15,1,1,1,6,2,1,3,'~30m	'),(1162,15,15,'Gimli','2013-10-08 07:43:00',22.56462,58.77339,17,1,1,0,6,2,1,3,'~20m	'),(1163,21,21,'Nazgul','2013-10-05 14:45:00',22.67239,58.81441,16,1,1,0,6,3,1,3,'~10m	'),(1164,21,21,'Nazgul','2013-10-05 18:30:00',22.67413,58.81459,16,1,1,0,6,3,1,3,'~10m	'),(1165,21,21,'Nazgul','2013-10-06 09:53:00',22.673714,58.814519,15,1,1,0,6,2,2,3,''),(1166,21,21,'Nazgul','2013-10-06 18:18:00',22.678177,58.814297,15,1,1,1,6,2,1,3,'~10m	'),(1167,21,21,'Nazgul','2013-10-07 12:18:00',22.67826,58.81431,15,1,1,0,6,2,1,3,'~50m	'),(1168,21,21,'Nazgul','2013-10-08 09:08:00',22.67824,58.81425,17,1,1,1,6,2,1,3,'<50m	'),(1169,22,22,'Sauron','2013-10-05 13:15:00',22.93785,58.86715,16,14,1,0,7,2,1,3,'~5m	'),(1170,22,22,'Sauron','2013-10-05 19:30:00',22.93751,58.8694,16,14,1,1,7,2,1,3,'~5m. Visual confirmation	'),(1171,22,22,'Sauron','2013-10-06 08:18:00',22.937905,58.86202,15,14,1,0,7,2,1,3,''),(1172,22,22,'Sauron','2013-10-06 16:30:00',22.937905,58.86202,15,1,1,0,7,2,1,3,'	'),(1173,22,22,'Sauron','2013-10-06 18:56:00',22.937905,58.86202,14,14,1,0,7,2,1,3,'<50m	'),(1174,22,22,'Sauron','2013-10-07 10:41:00',22.93716,58.86188,15,14,1,0,7,2,1,3,'~20m	'),(1175,22,22,'Sauron','2013-10-07 19:54:00',22.93716,58.86188,15,14,1,0,7,2,1,3,'	'),(1176,22,22,'Sauron','2013-10-08 08:25:00',22.93694,58.86195,14,14,1,0,7,2,1,3,'<30m	'),(1177,17,17,'Bombur','2013-10-08 16:27:00',22.756909,58.801728,15,1,1,1,2,2,3,3,''),(1178,19,19,'Eomer','2013-10-08 15:05:00',0,0,1,1,1,0,1,1,1,1,''),(1179,19,19,'Eomer','2013-10-08 15:57:00',22.64315,58.81132,15,1,1,0,6,2,3,3,'~20m'),(1180,20,20,'Eowyn','2013-10-08 16:16:00',22.727745,58.800917,15,14,1,0,7,2,3,3,''),(1181,14,14,'Galadriel','2013-10-08 16:17:00',22.72329,58.8035,15,14,1,1,7,2,3,3,'~30m'),(1182,15,11,'Gimli','2013-10-08 15:30:00',22.565163,58.775598,15,1,1,0,6,3,3,3,'~3m. Position from the GPS-device >100m off and therefore corrected.'),(1183,21,21,'Nazgul','2013-10-08 16:04:00',22.6783,58.81436,15,1,1,1,6,2,1,3,'~50m'),(1184,22,22,'Sauron','2013-10-08 16:45:00',22.93699,58.86193,15,14,1,1,7,2,2,3,'~30m'),(1185,17,17,'Bombur','2013-10-08 16:27:00',22.756909,58.801728,15,1,1,1,2,2,3,3,''),(1186,17,17,'Bombur','2013-10-09 11:03:00',22.75803,58.79972,16,1,1,0,2,2,2,3,'±20m	'),(1187,17,17,'Bombur','2013-10-09 17:10:00',22.75803,58.79972,16,1,1,0,2,2,2,3,'±30m	'),(1188,19,19,'Eomer','2013-10-08 15:57:00',22.64315,58.81132,15,1,1,0,6,2,3,3,'~20m	'),(1189,19,19,'Eomer','2013-10-09 11:45:00',22.64272,58.81146,16,1,1,0,6,2,2,3,'±10m	'),(1190,19,19,'Eomer','2013-10-09 16:36:00',22.64268,58.81144,16,1,1,0,6,2,2,3,'±15m	'),(1191,20,20,'Eowyn','2013-10-08 16:16:00',22.727745,58.800917,15,14,1,0,7,2,3,3,''),(1192,20,20,'Eowyn','2013-10-09 11:15:00',22.72966,58.80006,16,14,1,0,7,2,3,3,'±30m	'),(1193,20,20,'Eowyn','2013-10-09 17:20:00',22.72966,58.80006,16,14,1,0,7,2,2,3,'±30m	'),(1194,14,14,'Galadriel','2013-10-08 16:17:00',22.72329,58.8035,15,14,1,0,7,1,3,3,'~30m	'),(1195,14,14,'Galadriel','2013-10-09 13:00:00',22.70089,58.81339,16,14,1,0,6,2,2,3,'±30m	'),(1196,14,14,'Galadriel','2013-10-09 17:36:00',22.70256,58.8131,16,14,1,0,6,2,2,3,'±20m	'),(1197,15,11,'Gimli','2013-10-08 15:30:00',22.56466,58.77581,15,1,1,0,6,2,3,3,'~3m\r\n22.56466'),(1198,15,11,'Gimli','2013-10-08 17:52:00',22.56466,58.77581,15,1,1,0,6,2,2,3,''),(1199,15,15,'Gimli','2013-10-09 08:00:00',22.56469,58.77587,16,1,1,0,6,2,2,3,'±10m 	'),(1200,15,15,'Gimli','2013-10-09 18:55:00',22.56469,58.77587,16,1,1,0,6,2,2,2,'±10m 	'),(1201,21,21,'Nazgul','2013-10-08 16:04:00',22.6783,58.81436,15,1,1,1,6,2,1,3,'~50m	'),(1202,21,21,'Nazgul','2013-10-09 11:35:00',22.68007,58.81415,16,1,1,0,6,3,2,3,'±30m	'),(1203,21,21,'Nazgul','2013-10-09 16:45:00',22.68007,58.81415,16,1,1,0,6,3,2,3,'±30m	'),(1204,22,22,'Sauron','2013-10-08 16:45:00',22.93699,58.86193,15,14,1,1,7,2,2,3,'~30m	'),(1205,22,22,'Sauron','2013-10-09 10:08:00',22.95168,58.85013,16,1,1,1,7,2,1,3,'20m\r\nvisual confirmation	'),(1206,22,22,'Sauron','2013-10-09 15:15:00',22.95447,58.84848,16,1,1,1,7,2,2,3,'±30m	'),(1207,17,17,'Bombur','2013-10-10 10:16:00',22.756755,58.801784,15,1,1,1,2,2,1,3,''),(1208,17,17,'Bombur','2013-10-10 17:01:00',22.756755,58.801784,15,1,1,0,2,2,1,3,''),(1209,17,17,'Bombur','2013-10-11 11:14:00',22.757531,58.800795,14,1,1,0,2,2,1,2,''),(1210,17,11,'Bombur','2013-10-11 17:35:00',22.757531,58.800795,14,1,1,0,2,2,1,3,''),(1211,17,17,'Bombur','2013-10-12 08:30:00',22.756541,58.801984,14,1,1,0,2,2,1,4,''),(1212,17,17,'Bombur','2013-10-12 18:50:00',22.757574,58.800772,15,1,1,1,2,2,1,3,''),(1213,19,19,'Eomer','2013-10-10 11:40:00',22.615342,58.816364,15,14,1,1,6,2,1,2,''),(1214,19,19,'Eomer','2013-10-10 17:46:00',22.617023,58.815719,15,14,1,1,6,2,1,2,''),(1215,19,19,'Eomer','2013-10-11 12:19:00',22.61219,58.81741,14,1,1,0,6,2,1,2,'<20m'),(1216,19,19,'Eomer','2013-10-11 18:10:00',22.61219,58.81741,14,1,1,0,6,2,1,2,'<20m'),(1217,19,19,'Eomer','2013-10-12 15:30:00',22.6092,58.81827,16,1,1,0,6,2,1,3,'~10m'),(1218,19,19,'Eomer','2013-10-12 18:03:00',22.60856,58.81833,15,1,1,0,6,2,1,3,'<50m'),(1219,20,20,'Eowyn','2013-10-10 09:13:00',22.72577,58.802073,15,14,1,1,7,2,1,3,''),(1220,20,20,'Eowyn','2013-10-10 17:07:00',22.72577,58.802073,15,14,1,1,7,2,1,3,''),(1221,20,20,'Eowyn','2013-10-11 11:25:00',22.72531,58.80256,14,14,1,0,7,2,1,2,'<20m'),(1222,20,20,'Eowyn','2013-10-11 17:45:00',22.72531,58.80256,14,14,1,0,7,2,1,2,'<20m'),(1223,20,20,'Eowyn','2013-10-12 08:53:00',22.7265,58.801562,14,14,1,1,7,2,1,4,''),(1224,20,20,'Eowyn','2013-10-12 17:42:00',22.73161,58.79978,18,14,1,1,7,2,1,3,''),(1225,14,14,'Galadriel','2013-10-10 11:07:00',22.697318,58.813986,15,14,1,0,6,2,1,3,''),(1226,14,14,'Galadriel','2013-10-10 17:30:00',22.690015,58.813831,15,1,1,1,6,2,1,3,''),(1227,14,14,'Galadriel','2013-10-11 12:36:00',22.72342,58.8035,14,14,1,0,7,2,1,3,'<50m'),(1228,14,14,'Galadriel','2013-10-11 17:50:00',22.72342,58.8035,14,14,1,0,7,2,1,3,'<50m'),(1229,14,14,'Galadriel','2013-10-12 08:53:00',22.72318,58.8033,15,14,1,0,7,2,1,4,'~20m'),(1230,14,14,'Galadriel','2013-10-12 17:34:00',22.72318,58.8033,15,14,1,0,7,2,1,4,'~20m'),(1231,15,15,'Gimli','2013-10-10 08:48:00',22.56477,58.77588,15,1,1,0,6,2,1,3,'~5m'),(1232,15,15,'Gimli','2013-10-10 15:28:00',22.56477,58.77588,15,1,1,0,6,2,1,3,'~5m'),(1233,15,15,'Gimli','2013-10-10 18:04:00',22.56477,58.77588,15,1,1,0,6,2,1,3,'~5m'),(1234,15,15,'Gimli','2013-10-11 08:10:00',22.56469,58.77587,14,1,1,0,6,2,1,3,'<10m'),(1235,15,15,'Gimli','2013-10-11 15:30:00',22.56469,58.77587,14,1,1,0,6,2,1,2,'<10m'),(1236,15,15,'Gimli','2013-10-11 17:20:00',22.56469,58.77587,14,1,1,0,6,2,1,2,'<10m'),(1237,15,15,'Gimli','2013-10-12 08:06:00',22.56348,58.77673,17,1,1,0,6,2,1,2,'~15m'),(1238,15,15,'Gimli','2013-10-12 15:08:00',22.56614,58.77499,15,1,1,1,6,2,1,2,'~5m'),(1239,15,11,'Gimli','2013-10-12 18:22:00',22.563318,58.776844,15,1,1,0,6,2,1,2,'~5m'),(1240,21,21,'Nazgul','2013-10-10 10:35:00',22.67823,58.8144,15,1,1,0,6,3,1,3,'~10m'),(1241,21,21,'Nazgul','2013-10-10 17:18:00',22.67823,58.8144,15,1,1,1,6,3,1,3,'~20m'),(1242,21,21,'Nazgul','2013-10-11 11:50:00',22.669673,58.814186,14,1,1,0,6,3,1,3,''),(1243,21,21,'Nazgul','2013-10-11 17:55:00',22.67824,58.81425,14,1,1,0,6,3,1,3,'<50m'),(1244,21,21,'Nazgul','2013-10-12 08:59:00',22.67644,58.8143,17,1,1,0,6,3,1,2,'~20m'),(1245,21,21,'Nazgul','2013-10-12 17:53:00',22.67828,58.81427,15,1,1,1,6,3,1,2,'<10m'),(1246,22,11,'Sauron','2013-10-10 09:30:00',22.93752,58.86178,15,14,1,0,7,2,1,3,'~5m'),(1247,22,22,'Sauron','2013-10-10 16:45:00',22.93752,58.86178,15,14,1,1,7,2,1,3,'~20m'),(1248,22,22,'Sauron','2013-10-11 10:50:00',22.93785,58.86715,14,14,1,0,7,2,1,2,'<5. In a concrete tube'),(1249,22,22,'Sauron','2013-10-11 16:50:00',22.93785,58.86715,14,14,1,0,7,2,1,2,'<5. In a concrete tube'),(1250,22,22,'Sauron','2013-10-12 08:17:00',22.93731,58.86186,14,14,1,0,7,2,1,4,'~5m'),(1251,22,22,'Sauron','2013-10-12 16:48:00',22.93731,58.86186,15,14,1,1,7,2,1,2,'~5m'),(1252,17,17,'Bombur','2013-10-13 09:50:00',22.753626,58.801962,17,1,1,0,2,2,1,2,''),(1253,17,17,'Bombur','2013-10-13 16:52:00',22.75762,58.80052,17,1,1,0,2,2,1,2,'~30m'),(1254,17,17,'Bombur','2013-10-14 09:53:00',22.75799,58.79979,15,1,1,1,2,2,1,4,'>50m, hard to estimate due to movement'),(1255,17,17,'Bombur','2013-10-14 16:32:00',22.75799,58.79979,15,1,1,0,2,2,1,3,'<50m'),(1256,17,17,'Bombur','2013-10-15 11:06:00',22.75803,58.79972,14,1,1,1,2,2,1,2,'~50m'),(1257,17,17,'Bombur','2013-10-15 16:35:00',22.75803,58.79972,14,1,1,0,2,2,1,2,'~50m'),(1258,19,19,'Eomer','2013-10-13 11:07:00',22.60367,58.81977,17,1,1,1,6,3,1,2,'~10m'),(1259,19,19,'Eomer','2013-10-13 18:00:00',22.60201,58.82006,17,1,1,1,6,2,1,2,'~10m'),(1260,19,19,'Eomer','2013-10-14 08:15:00',22.60205,58.82003,15,1,1,0,6,3,1,5,'<5m'),(1261,19,19,'Eomer','2013-10-14 17:21:00',22.607135,58.818764,15,1,1,1,6,3,1,4,''),(1262,19,19,'Eomer','2013-10-15 12:15:00',22.621958,58.813808,14,1,1,1,6,2,1,2,''),(1263,19,19,'Eomer','2013-10-15 17:17:00',22.621958,58.813808,14,1,1,0,6,2,1,2,''),(1264,20,11,'Eowyn','2013-10-13 10:10:00',22.72966,58.80006,17,14,1,1,7,2,1,2,'~20m'),(1265,20,20,'Eowyn','2013-10-13 17:05:00',22.72966,58.80006,17,14,1,1,7,2,1,2,'~30m'),(1266,20,20,'Eowyn','2013-10-14 16:27:00',22.72571,58.802106,15,14,1,1,7,2,1,4,''),(1267,20,20,'Eowyn','2013-10-14 16:27:00',22.726074,58.801906,15,14,1,1,7,2,1,3,''),(1268,20,20,'Eowyn','2013-10-15 08:47:00',22.72342,58.8035,14,14,1,1,7,2,1,2,'<50m'),(1269,20,20,'Eowyn','2013-10-15 16:45:00',22.725195,58.802618,14,14,1,0,7,2,1,2,''),(1270,17,17,'Bombur','2013-10-16 13:05:00',22.75743,58.80139,17,1,1,1,2,2,1,3,'±30m	'),(1271,17,17,'Bombur','2013-10-16 17:37:00',22.75743,58.80139,17,1,1,0,2,2,1,3,'±30m	'),(1272,19,19,'Eomer','2013-10-16 08:45:00',22.62242,58.81348,17,4,1,0,6,3,1,3,'±20m	'),(1273,19,19,'Eomer','2013-10-16 18:35:00',22.62122,58.81395,17,4,1,0,6,3,1,3,'±20m	'),(1274,20,20,'Eowyn','2013-10-16 13:20:00',22.72629,58.80172,17,14,1,1,7,2,1,3,'±30m	'),(1275,20,20,'Eowyn','2013-10-16 17:55:00',22.72966,58.80006,17,14,1,0,7,2,1,3,'±20m	'),(1276,14,14,'Galadriel','2013-10-13 12:40:00',22.70341,58.81294,17,14,1,1,6,2,1,3,'~20m	'),(1277,14,14,'Galadriel','2013-10-13 17:24:00',22.71227,58.81012,17,14,1,1,6,2,1,2,'~30m	'),(1278,14,14,'Galadriel','2013-10-14 10:17:00',22.707489,58.812164,15,14,1,1,6,2,1,3,'	'),(1279,14,14,'Galadriel','2013-10-14 16:23:00',22.707489,58.812164,15,14,1,0,6,2,1,3,''),(1280,14,14,'Galadriel','2013-10-15 12:30:00',22.681653,58.814186,14,14,1,1,6,2,1,3,''),(1281,14,14,'Galadriel','2013-10-15 17:00:00',22.68941,58.81398,14,14,1,0,6,2,1,3,''),(1282,14,11,'Galadriel','2013-10-16 16:02:00',22.70214,58.81315,17,14,1,0,6,2,1,3,'±15m'),(1283,15,15,'Gimli','2013-10-13 08:41:00',22.56486,58.77581,17,1,1,1,6,2,1,3,'~10m	'),(1284,15,15,'Gimli','2013-10-13 14:20:00',22.56348,58.77673,17,1,1,0,6,2,1,3,'~10m	'),(1285,15,15,'Gimli','2013-10-13 18:19:00',22.56348,58.77673,17,1,1,0,6,2,1,3,'~10m	'),(1286,15,15,'Gimli','2013-10-14 08:48:00',22.5652,58.77555,15,1,1,0,6,2,1,4,'~10m	'),(1287,15,15,'Gimli','2013-10-14 12:20:00',22.56446,58.77337,15,1,1,0,6,2,1,3,'~10m	'),(1288,15,15,'Gimli','2013-10-14 17:35:00',22.56523,58.7739,15,1,1,1,6,2,1,3,'~30m	'),(1289,15,15,'Gimli','2013-10-15 08:04:00',22.55862,58.76914,14,1,1,0,6,2,1,3,'~10m	'),(1290,15,15,'Gimli','2013-10-15 15:10:00',22.5626,58.7739,14,1,1,0,6,2,1,3,'~10m	'),(1291,15,15,'Gimli','2013-10-15 17:46:00',22.56523,58.7739,14,1,1,0,6,2,1,3,'~10m	'),(1292,15,15,'Gimli','2013-10-16 08:18:00',22.56462,58.77339,17,1,1,1,6,2,1,3,'±15m	'),(1293,15,15,'Gimli','2013-10-16 18:19:00',22.56614,58.77499,17,1,1,1,6,2,1,3,'±15m	'),(1294,21,21,'Nazgul','2013-10-13 12:05:00',22.67825,58.81424,17,1,1,0,6,3,1,3,'~20m	'),(1295,21,21,'Nazgul','2013-10-13 17:35:00',22.67594,58.81432,17,1,1,1,6,3,1,3,'~20m	'),(1296,21,21,'Nazgul','2013-10-14 10:39:00',22.67831,58.81432,18,1,1,0,6,3,1,3,'~50m	'),(1297,21,21,'Nazgul','2013-10-14 16:30:00',22.670016,58.814408,18,1,1,1,6,3,1,3,''),(1298,21,21,'Nazgul','2013-10-15 11:34:00',22.671304,58.814631,14,1,1,1,6,2,1,3,''),(1299,21,21,'Nazgul','2013-10-15 16:53:00',22.671304,58.814631,14,1,1,0,6,3,1,3,''),(1300,21,21,'Nazgul','2013-10-16 13:42:00',22.67289,58.81458,17,1,1,0,6,3,1,3,'±20m	'),(1301,21,21,'Nazgul','2013-10-16 15:58:00',22.67289,58.81458,17,1,1,1,6,3,1,3,'±20m	'),(1302,22,22,'Sauron','2013-10-13 09:30:00',22.93752,58.86178,17,14,1,1,7,2,1,3,'~5m	'),(1303,22,22,'Sauron','2013-10-13 16:36:00',22.94101,58.85979,17,14,1,1,7,2,1,3,'~5m	'),(1304,22,22,'Sauron','2013-10-14 09:27:00',22.940476,58.860111,15,14,1,0,7,2,1,3,''),(1305,22,22,'Sauron','2013-10-14 14:30:00',22.94003,58.86047,15,14,1,0,7,2,1,3,'~20m	'),(1306,22,22,'Sauron','2013-10-14 16:50:00',22.940694,58.859656,15,14,1,1,7,2,1,3,''),(1307,22,22,'Sauron','2013-10-15 09:45:00',22.94069,58.85937,14,14,1,0,7,2,1,3,'<10m	'),(1308,22,22,'Sauron','2013-10-15 16:14:00',22.94069,58.85937,14,14,1,0,7,2,1,3,'<10m	'),(1309,22,22,'Sauron','2013-10-16 12:25:00',22.89984,58.88908,17,1,1,0,6,2,1,3,'±5m	'),(1310,22,22,'Sauron','2013-10-16 16:45:00',22.91469,58.88425,17,1,1,0,7,2,1,3,'±15m	'),(1311,22,22,'Sauron','2013-10-16 19:40:00',22.91469,58.88425,17,1,1,0,7,2,1,3,'±15m	'),(1312,17,11,'Bombur','2013-10-17 10:36:00',22.75803,58.79972,14,1,1,0,2,2,1,3,'~50m'),(1313,17,11,'Bombur','2013-10-17 16:55:00',22.75803,58.79972,14,1,1,0,2,2,1,3,'~50m'),(1314,17,17,'Bombur','2013-10-18 11:35:00',22.75743,58.80139,16,1,1,0,2,2,4,3,'±30m, underground\r\n'),(1315,17,17,'Bombur','2013-10-18 17:00:00',22.75743,58.80139,16,1,1,0,2,2,2,3,'~30m, underground'),(1316,17,17,'Bombur','2013-10-19 08:53:00',22.75827,58.79983,15,1,1,0,2,2,1,4,'<50m'),(1317,17,17,'Bombur','2013-10-19 17:30:00',22.75827,58.79983,15,1,1,0,2,2,1,4,'<100m or closer and underground'),(1318,19,19,'Eomer','2013-10-17 09:30:00',22.620867,58.814197,14,1,1,1,6,2,1,5,''),(1319,19,19,'Eomer','2013-10-17 17:30:00',22.620867,58.814197,14,1,1,0,6,2,1,4,''),(1320,19,19,'Eomer','2013-10-18 11:01:00',22.62122,58.81395,16,1,1,1,6,2,7,3,'~30m'),(1321,19,11,'Eomer','2013-10-18 17:30:00',22.61959,58.81459,16,1,1,0,6,2,2,3,'~30m'),(1322,19,19,'Eomer','2013-10-19 12:46:00',22.6197,58.81466,15,4,1,1,6,2,1,4,'~20m'),(1323,19,19,'Eomer','2013-10-19 17:52:00',22.6197,58.81466,15,4,1,1,6,2,1,4,'~20m'),(1324,20,11,'Eowyn','2013-10-17 10:46:00',22.728045,58.800806,14,14,1,1,7,2,1,3,''),(1325,20,20,'Eowyn','2013-10-17 17:03:00',22.728045,58.800806,14,14,1,1,7,2,1,3,''),(1326,20,20,'Eowyn','2013-10-18 11:35:00',22.72571,58.80215,16,14,1,0,7,2,4,3,'~30m\r\n'),(1327,20,20,'Eowyn','2013-10-18 17:08:00',22.72571,58.80215,16,14,1,1,7,2,4,3,'~30m'),(1328,20,20,'Eowyn','2013-10-19 09:00:00',22.726758,58.801295,15,14,1,1,7,2,1,4,''),(1329,20,20,'Eowyn','2013-10-19 17:36:00',22.72333,58.80341,15,14,1,0,7,2,1,4,'~50m  \r\n'),(1330,22,22,'Sauron','2013-10-17 08:41:00',22.93112,58.87753,15,4,1,0,7,2,1,5,'3m. Under tree roots	'),(1331,22,22,'Sauron','2013-10-17 10:46:00',22.93721,58.86974,15,14,1,1,7,2,1,4,'~50m'),(1332,22,22,'Sauron','2013-10-17 18:09:00',22.93723,58.86974,15,1,1,0,7,2,2,4,'~30m  	'),(1333,22,22,'Sauron','2013-10-18 09:35:00',22.94069,58.85937,16,14,1,1,7,2,4,4,'±15m'),(1334,22,22,'Sauron','2013-10-18 18:38:00',22.94059,58.86009,16,14,1,1,7,2,2,4,'±15m	'),(1335,22,22,'Sauron','2013-10-19 08:25:00',22.939342,58.860733,15,14,1,0,7,2,1,5,''),(1336,22,22,'Sauron','2013-10-19 13:39:00',22.939342,58.860733,15,14,1,0,7,2,1,4,''),(1337,22,22,'Sauron','2013-10-19 17:05:00',22.939342,58.860733,15,14,1,0,7,2,1,4,'	'),(1338,22,22,'Sauron','2013-10-20 09:28:00',22.94069,58.85937,16,14,1,0,7,2,1,5,'±30m	'),(1339,22,22,'Sauron','2013-10-20 14:10:00',22.94102,58.85857,16,14,1,0,7,2,1,4,'±30m; underground	'),(1340,22,22,'Sauron','2013-10-20 16:50:00',22.94102,58.85857,16,14,1,0,7,2,1,4,'±30m	'),(1341,22,22,'Sauron','2013-10-21 10:23:00',22.93889,58.86188,15,14,1,1,7,2,1,5,'±5m	'),(1342,22,22,'Sauron','2013-10-21 17:24:00',22.93889,58.86335,15,14,1,1,7,2,1,5,'±10m	'),(1343,21,21,'Nazgul','2013-10-17 09:47:00',22.66993,58.814408,14,1,1,0,6,3,1,4,''),(1344,21,21,'Nazgul','2013-10-17 17:25:00',22.66993,58.814408,14,1,1,0,6,3,1,4,''),(1345,21,11,'Nazgul','2013-10-18 11:15:00',22.68377,58.81399,16,1,1,0,6,3,4,4,'~20m'),(1346,21,21,'Nazgul','2013-10-18 17:10:00',22.67644,58.8143,16,1,1,1,6,3,2,4,'~20m	'),(1347,21,21,'Nazgul','2013-10-19 12:50:00',22.67826,58.81431,15,1,1,0,6,3,1,4,'~50m	'),(1348,21,21,'Nazgul','2013-10-19 17:44:00',22.67453,58.814408,15,1,1,0,6,3,1,4,''),(1349,21,21,'Nazgul','2013-10-20 09:53:00',22.68377,58.81299,16,1,1,0,6,3,1,4,'±30m	'),(1350,21,21,'Nazgul','2013-10-20 15:20:00',22.68377,58.81299,16,1,1,1,6,3,1,4,'±30m	'),(1351,21,21,'Nazgul','2013-10-21 08:37:00',22.67826,58.81446,15,1,1,1,6,3,1,4,'±50m	'),(1352,21,21,'Nazgul','2013-10-21 16:56:00',22.67826,58.81446,15,1,1,1,6,3,1,5,'	'),(1353,15,11,'Gimli','2013-10-17 08:55:00',22.56614,58.77499,14,1,1,0,6,2,1,5,'<10m'),(1354,15,11,'Gimli','2013-10-17 17:53:00',22.56614,58.77499,14,1,1,0,6,2,1,4,'~50m'),(1355,15,15,'Gimli','2013-10-18 10:35:00',22.56446,58.77337,16,1,1,0,6,2,4,4,'±20m, underground	'),(1356,15,15,'Gimli','2013-10-18 12:50:00',22.56614,58.77499,16,1,1,0,6,2,4,4,'±20m'),(1357,15,15,'Gimli','2013-10-18 17:49:00',22.56446,58.77337,16,1,1,1,6,2,1,4,'±20m, underground	'),(1358,15,15,'Gimli','2013-10-19 10:15:00',22.58671,58.7731,15,3,1,1,6,3,1,4,' ~10m\r\nCanal uncharted.	'),(1359,15,15,'Gimli','2013-10-19 18:15:00',22.58671,58.7731,15,3,1,1,6,3,1,4,''),(1360,15,15,'Gimli','2013-10-20 08:32:00',22.58671,58.7731,16,3,1,0,6,3,1,5,'±50m	'),(1361,15,15,'Gimli','2013-10-20 15:46:00',22.57107,58.77448,16,1,1,0,6,2,1,4,'±15m	'),(1362,15,15,'Gimli','2013-10-20 18:15:00',22.57066,58.77567,16,1,1,0,6,2,1,4,'±15m	'),(1365,14,14,'Galadriel','2013-10-17 10:16:00',22.71413,58.80986,14,14,1,0,7,2,1,4,''),(1366,14,14,'Galadriel','2013-10-17 17:11:00',22.720964,58.804652,14,14,1,0,7,2,1,4,''),(1367,14,14,'Galadriel','2013-10-18 10:07:00',22.72342,58.8035,16,14,1,0,7,2,1,4,'±30m	'),(1368,14,14,'Galadriel','2013-10-18 17:10:00',22.72342,58.8035,16,14,1,0,7,2,1,4,'±30m	'),(1369,14,14,'Galadriel','2013-10-19 09:02:00',22.72333,58.80341,15,14,1,0,7,2,1,4,'479	~30m	'),(1370,14,14,'Galadriel','2013-10-19 17:36:00',22.72333,58.80341,15,14,1,0,7,2,1,4,'~30m	'),(1371,14,14,'Galadriel','2013-10-20 09:09:00',22.72342,58.8035,16,14,1,0,7,2,1,4,'±30m	'),(1372,14,14,'Galadriel','2013-10-20 17:16:00',22.72342,58.8035,16,14,1,0,1,2,1,4,'±30m	'),(1373,15,15,'Gimli','2013-10-21 08:06:00',22.58671,58.7731,14,15,1,1,6,3,1,5,''),(1374,15,15,'Gimli','2013-10-21 18:10:00',22.58671,58.7731,14,15,1,1,6,3,1,5,''),(1375,14,14,'Galadriel','2013-10-21 08:45:00',22.722169,58.804051,15,14,1,0,7,2,1,5,''),(1376,14,14,'Galadriel','2013-10-21 17:03:00',22.72343,58.80347,15,14,1,0,7,2,1,5,'~30m'),(1377,20,11,'Eowyn','2013-10-20 09:35:00',22.72571,58.80213,16,14,1,1,7,2,1,4,'~30m'),(1378,20,20,'Eowyn','2013-10-20 15:11:00',22.72571,58.80213,16,14,1,1,7,2,1,4,'~30m'),(1379,20,20,'Eowyn','2013-10-21 08:46:00',22.72442,58.80295,15,14,1,1,7,2,1,5,''),(1380,20,20,'Eowyn','2013-10-21 17:04:00',22.72442,58.80295,15,14,1,0,7,2,1,5,''),(1381,19,19,'Eomer','2013-10-20 08:56:00',22.62122,58.81395,16,1,1,0,6,2,1,4,'~20m'),(1382,19,19,'Eomer','2013-10-20 15:26:00',22.62122,58.81395,16,1,1,0,6,2,1,4,'~20m'),(1383,19,19,'Eomer','2013-10-20 08:26:00',22.61988,58.81512,14,1,1,0,6,2,1,5,'~50m'),(1384,19,19,'Eomer','2013-10-21 16:52:00',22.61988,58.81512,14,1,1,1,6,2,1,5,'~50m'),(1385,17,17,'Bombur','2013-10-20 09:45:00',22.75781,58.80067,16,1,1,1,2,2,1,4,'~30m'),(1386,17,17,'Bombur','2013-10-20 17:09:00',22.75803,58.79972,16,1,1,1,2,2,1,4,'~30m'),(1387,17,11,'Bombur','2013-10-21 08:50:00',22.75697,58.801628,15,1,1,1,2,2,1,5,''),(1388,17,11,'Bombur','2013-10-21 17:10:00',22.757725,58.800306,15,1,1,0,2,2,1,5,''),(1389,17,17,'Bombur','2013-10-22 09:58:00',22.758,58.79971,17,1,1,0,2,2,1,4,'~50m	'),(1390,17,17,'Bombur','2013-10-22 16:42:00',22.758,58.79971,17,1,1,0,2,2,1,4,'~50m	'),(1391,17,17,'Bombur','2013-10-23 11:57:00',22.757617,58.800539,15,1,1,1,2,2,1,3,''),(1392,17,17,'Bombur','2013-10-23 17:50:00',22.757617,58.800539,15,1,1,0,2,2,1,3,'	'),(1393,19,19,'Eomer','2013-10-22 11:12:00',22.62122,58.81395,17,1,1,1,6,2,1,3,'~20m	'),(1394,19,19,'Eomer','2013-10-22 16:16:00',22.60959,58.81818,17,1,1,1,6,2,1,3,'~15m	'),(1395,19,19,'Eomer','2013-10-23 10:50:00',22.61137,58.81766,15,1,1,0,6,2,1,3,'~10m'),(1396,19,19,'Eomer','2013-10-23 18:41:00',22.61137,58.81766,15,1,1,0,6,2,1,3,'~10m	'),(1397,20,20,'Eowyn','2013-10-22 10:06:00',22.72531,58.80256,17,14,1,0,7,2,1,3,'~20m	'),(1398,20,20,'Eowyn','2013-10-22 16:37:00',22.72436,58.80298,17,14,1,1,7,2,1,3,'~20m	'),(1399,20,20,'Eowyn','2013-10-23 11:30:00',22.72963,58.80004,17,14,1,1,7,2,1,3,'287		'),(1400,20,20,'Eowyn','2013-10-23 17:53:00',22.7262,58.801695,15,14,1,1,7,2,1,3,''),(1401,14,14,'Galadriel','2013-10-22 09:25:00',22.72342,58.8035,17,14,1,0,7,2,1,4,'~20m	'),(1402,14,14,'Galadriel','2013-10-22 16:38:00',22.72073,58.80464,17,14,1,1,7,2,1,3,'~30m	'),(1403,14,14,'Galadriel','2013-10-23 12:20:00',22.69269,58.81363,15,4,1,0,6,2,1,3,''),(1404,14,14,'Galadriel','2013-10-23 18:24:00',22.67822,58.81433,15,1,1,0,6,2,1,3,'~5m	'),(1405,15,15,'Gimli','2013-10-22 09:00:00',22.57066,58.77567,17,16,1,0,6,2,1,4,'~10m	'),(1406,15,15,'Gimli','2013-10-22 17:44:00',22.57066,58.77567,17,16,1,0,6,2,1,3,'~10m	'),(1407,15,15,'Gimli','2013-10-23 15:20:00',22.55429,58.75971,15,16,1,0,5,2,1,3,'2m.\r\nTwo traps were set. He was captured at 02:20 on 24/10/13.\r\nHe was taken to the vet, the collar removed and was relocated to Vilivalla krav.'),(1408,21,21,'Nazgul','2013-10-22 12:15:00',22.67937,58.81415,17,1,1,0,6,3,1,3,'±20m	'),(1409,21,21,'Nazgul','2013-10-22 16:26:00',22.67937,58.81415,17,1,1,1,6,3,1,3,'±20m	'),(1410,21,21,'Nazgul','2013-10-23 11:07:00',22.677151,58.814486,15,1,1,1,6,2,1,3,'	'),(1411,21,21,'Nazgul','2013-10-23 18:30:00',22.67773,58.814442,15,1,1,1,6,3,1,3,''),(1412,22,22,'Sauron','2013-10-22 09:41:00',22.93787,58.86502,17,14,1,1,7,3,1,4,'~20m	'),(1413,22,22,'Sauron','2013-10-22 17:06:00',22.93787,58.86502,17,14,1,1,7,3,1,4,'~20m	'),(1414,22,22,'Sauron','2013-10-23 13:10:00',22.93793,58.86502,16,14,1,0,7,3,1,3,'±5m	'),(1415,22,22,'Sauron','2013-10-23 17:10:00',22.93855,58.864239,15,14,1,0,7,3,1,3,''),(1416,17,17,'Bombur','2013-10-24 10:45:00',22.756974,58.801662,17,1,1,0,2,2,1,3,''),(1417,17,17,'Bombur','2013-10-25 13:40:00',22.75765,58.79972,15,1,1,1,2,2,1,3,'~30m'),(1418,17,11,'Bombur','2013-10-26 13:45:00',22.75757,58.80109,16,1,1,1,2,2,2,3,'~5m. Two traps were set under a wooden walk-way.'),(1419,17,17,'Bombur','2013-10-27 13:40:00',22.75767,58.80096,15,1,1,0,2,2,1,2,'Trapped'),(1420,17,17,'Bombur','2013-10-28 13:50:00',22.434,58.89254,15,4,1,0,7,3,1,3,'Relocated after trapping to Vanajõgi\r\n'),(1421,19,19,'Eomer','2013-10-24 11:20:00',22.60823,58.81844,17,4,1,1,6,2,1,3,'~20m'),(1422,19,19,'Eomer','2013-10-25 15:22:00',22.609988,58.817942,15,1,1,1,6,2,1,3,''),(1423,19,19,'Eomer','2013-10-26 10:45:00',22.60625,58.8191,16,1,1,0,6,3,4,3,'~10m. Three traps set.\r\n'),(1424,19,19,'Eomer','2013-10-27 10:30:00',22.60974,58.8181,15,1,1,0,6,2,1,2,'Found trapped at 12:35. The traps were moved in the morning, the mink was in a drainage tube. \r\n'),(1425,19,19,'Eomer','2013-10-27 18:10:00',22.60974,58.8181,15,1,1,1,6,2,1,3,'Released after trapping at the capture site.\r\n'),(1426,20,20,'Eowyn','2013-10-24 10:51:00',22.72552,58.80233,17,14,1,1,7,2,1,3,'~30m'),(1427,20,20,'Eowyn','2013-10-25 14:20:00',22.72391,58.80259,15,14,1,1,7,2,1,3,'~30m'),(1428,20,20,'Eowyn','2013-10-26 13:15:00',22.72793,58.80053,16,14,1,0,7,2,4,3,'~5m. Two traps set on the right bank.\r\n'),(1429,20,20,'Eowyn','2013-10-27 11:59:00',22.72704,58.80065,15,14,1,1,7,2,1,2,'~2m, under roots in the river bank. One trap was moved, one had a rat.\r\n'),(1430,20,20,'Eowyn','2013-10-28 10:45:00',22.72628,58.80171,15,14,1,0,7,3,1,3,'~2m, under roots in the river bank. Two mink rafts put out. One normal trap left in its former position.\r\n'),(1431,20,20,'Eowyn','2013-10-29 12:20:00',22.724849,58.802901,15,14,1,0,7,3,2,3,'Not trapped, one trap was closed but no one was inside\r\n'),(1432,14,11,'Galadriel','2013-10-24 13:20:00',22.69905,58.81387,17,14,1,1,6,2,1,3,'~15m'),(1433,14,14,'Galadriel','2013-10-25 14:25:00',22.713668,58.80943,15,14,1,1,7,2,1,3,''),(1434,14,14,'Galadriel','2013-10-26 12:30:00',22.72245,58.80337,16,14,1,0,7,2,4,3,'~5m. Two traps set on the right bank.\r\n'),(1435,14,14,'Galadriel','2013-10-27 11:36:00',22.72245,58.80337,15,14,1,0,7,2,1,2,'Trapped\r\n'),(1436,14,14,'Galadriel','2013-10-27 18:00:00',22.72245,58.80337,15,14,1,0,7,2,1,2,'Released after trapping at the capture site.\r\n'),(1437,21,21,'Nazgul','2013-10-24 11:02:00',22.66827,58.81357,17,1,1,1,6,3,1,3,'~30m'),(1438,21,21,'Nazgul','2013-10-25 15:22:00',22.64481,58.810088,15,4,1,0,6,2,1,3,'~10m'),(1439,21,21,'Nazgul','2013-10-26 12:00:00',22.64541,58.81077,16,1,1,0,6,2,4,3,'~10m. Two traps set on the left bank.'),(1440,21,21,'Nazgul','2013-10-27 11:05:00',22.67493,58.8144,15,1,1,1,6,2,1,2,'~10m. The traps were moved to this location. Three traps in total.\r\n'),(1441,21,21,'Nazgul','2013-10-28 10:09:00',22.67493,58.8144,15,1,1,0,6,2,1,3,'~10m. Eating a frog.'),(1442,21,21,'Nazgul','2013-10-29 11:50:00',22.670435,58.814419,15,1,1,0,6,3,2,3,'Not trapped but the fish was gone from one trap that was still open.\r\n');
/*!40000 ALTER TABLE `radiotrackings` ENABLE KEYS */;
UNLOCK TABLES;

--
-- Table structure for table `released_animals`
--

DROP TABLE IF EXISTS `released_animals`;
/*!40101 SET @saved_cs_client     = @@character_set_client */;
/*!40101 SET character_set_client = utf8 */;
CREATE TABLE `released_animals` (
  `id` int(11) NOT NULL AUTO_INCREMENT,
  `animal_id` int(11) DEFAULT '0',
  `frequency` int(11) DEFAULT '0',
  `nickname` varchar(20) DEFAULT NULL,
  `sex` varchar(10) DEFAULT NULL,
  `birthdate` datetime DEFAULT NULL,
  `release_date` datetime DEFAULT NULL,
  `microchip` varchar(30) DEFAULT NULL,
  `enclosure_type` varchar(30) DEFAULT NULL,
  `release_site` varchar(30) DEFAULT NULL,
  `remarks` text,
  `release_location_N` double DEFAULT NULL,
  `release_location_E` double DEFAULT NULL,
  `deathdate` datetime DEFAULT NULL,
  `cause_of_death` text,
  PRIMARY KEY (`id`)
) ENGINE=MyISAM AUTO_INCREMENT=30 DEFAULT CHARSET=utf8;
/*!40101 SET character_set_client = @saved_cs_client */;

--
-- Dumping data for table `released_animals`
--

LOCK TABLES `released_animals` WRITE;
/*!40000 ALTER TABLE `released_animals` DISABLE KEYS */;
INSERT INTO `released_animals` VALUES (8,2681,363,'Milla','Female','2012-05-27 00:00:00','2012-08-23 00:00:00','226734','','','Collared 2012-08-22',0,0,'2012-09-25 00:00:00','Ainult kaelus, hambajäljed peal. \r\nJärgmisel hommikul leidsime kõrval\r\noleva kännu otsast natuke karvu.\r\n'),(3,1686,160,'Pernod','Male','2012-08-23 00:00:00','2012-08-23 00:00:00','233633','','','Collared 2012-08-22\r\n    \r\n    160 is a better frequency than 162.',0,0,'2113-05-10 00:00:00',''),(4,2677,281,'Kristina','Female','2012-05-18 00:00:00','2012-08-25 00:00:00','235585','','','Collared 2012-08-22',0,0,'2113-05-10 00:00:00',''),(5,2675,442,'Magda','Female','2012-05-18 00:00:00','2012-08-25 00:00:00','233388','','','',0,0,'2113-05-10 00:00:00',''),(6,1906,141,'Joel','Male','2012-08-23 00:00:00','2012-08-23 00:00:00','233515','','','Collared 2012-08-22',0,0,'2113-05-10 00:00:00',''),(7,2678,301,'Angela','Female','2012-05-18 00:00:00','2012-08-25 00:00:00','235892','','','Collared 2012-08-22',0,0,'2113-05-10 00:00:00',''),(9,0,482,'Mortimer','Male','2012-05-31 00:00:00','2012-09-04 00:00:00','236095','','Kärla, Saaremaa','',22.35042,58.29132,'2113-05-10 00:00:00',''),(10,0,61,'Tipp','Female','2012-05-31 00:00:00','2012-09-04 00:00:00','235766','','Kärla, Saaremaa','',22.35042,58.29132,'2113-05-10 00:00:00',''),(11,0,42,'Täpp','Female','2012-05-31 00:00:00','2012-09-04 00:00:00','235751','','Kärla, Saaremaa','',22.35042,58.29132,'2113-05-10 00:00:00',''),(12,0,501,'Uhuu','Female','2012-05-31 00:00:00','2012-09-04 00:00:00','233425','','Kärla, Saaremaa','',22.35042,58.29132,'2012-09-28 00:00:00','Found in a tree.'),(13,2818,240,'Saruman','Male','2013-08-26 00:00:00','2013-08-25 00:00:00','008800226870','Large zoo+small zoo','Luguse jõgi','',58.81519,22.71069,'2114-08-26 00:00:00',''),(14,2816,380,'Galadriel','Female','2013-08-26 00:00:00','2013-08-25 00:00:00','008800227060','Large zoo+small zoo','Luguse jõgi','',58.81194,22.70808,'2114-08-26 00:00:00',''),(15,2817,482,'Gimli','Male','2013-08-26 00:00:00','2013-08-25 00:00:00','008800227144','Big zoo + small zoo','Luguse jõgi','',58.81194,22.70808,'2114-08-26 00:00:00',''),(16,2791,80,'Luthien','Female','2013-08-26 00:00:00','2013-08-25 00:00:00','008800229864','small zoo+big zoo','Luguse jõgi','',58.82994,22.71664,'2013-09-28 00:00:00','Animal found dead 2013-09-28. Back probably broken, bite marks. Body not hidden. \r\n            Killed by a dog probably.'),(17,2788,219,'Bombur','Male','2013-08-26 00:00:00','2013-08-25 00:00:00','008800228337','big zoo+small zoo','Luguse jõgi','',58.82994,22.71664,'2114-08-26 00:00:00',''),(18,2797,321,'Boromir','Male','2013-08-26 00:00:00','2013-08-25 00:00:00','008800235164','big zoo+small zoo','Luguse jõgi','',58.81519,22.71069,'2114-08-26 00:00:00',''),(19,2796,461,'Eomer','Male','2013-08-26 00:00:00','2013-08-25 00:00:00','008800229969','big zoo+small zoo','Luguse jõgi','',58.81519,22.71069,'2114-08-26 00:00:00',''),(20,2798,341,'Eowyn','Female','2013-08-26 00:00:00','2013-08-25 00:00:00','008800229927','big zoo+small zoo','Luguse jõgi','',58.81519,22.71069,'2114-08-26 00:00:00',''),(21,2822,420,'Nazgul','Female','2013-08-26 00:00:00','2013-08-25 00:00:00','008800226314','big zoo+small zoo','Luguse jõgi','',58.81397,22.69772,'2114-08-26 00:00:00',''),(22,2819,400,'Sauron','Male','2013-08-26 00:00:00','2013-08-25 00:00:00','008800229637','big zoo+small zoo','Luguse jõgi','',58.81397,22.69494,'2114-08-26 00:00:00',''),(24,2790,101,'Elbereth','Female','2013-09-02 00:00:00','2013-09-01 00:00:00','008800229891','big zoo+small zoo','Jausa jõgi','Latency: 5min\r\n                        GGPS 298',58.78782,22.66064,'2114-09-02 00:00:00','Animal found dead 2013-09-04. Likely killed by fox, body slightly covered.'),(26,2815,442,'Gollum','Female','2013-09-02 00:00:00','2013-09-01 00:00:00','008800226732','big zoo+small zoo','Jausa jõgi','',58.78783,22.6644,'2114-09-02 00:00:00',''),(27,2792,261,'Morgoth','Female','2013-09-02 00:00:00','2013-09-01 00:00:00','008800228488','big zoo+small zoo','Jausa jõgi','Latency 4min\r\nGPS 298',58.78782,22.66064,'2114-09-02 00:00:00',''),(28,2821,182,'Shelob','Female','2013-09-03 00:00:00','2013-09-01 00:00:00','008800226223','Big zoo+small zoo','Jausa jõgi','Latency 3.20min\r\n      GPS 299',58.78761,22.65524,'2114-09-03 00:00:00','2013-09-25. Probably killed by female Martes martes. Found underground, entrance hole 10-12 cm.'),(29,2820,201,'Smaug','Female','2013-09-03 00:00:00','2013-09-01 00:00:00','008800227122','big zoo+small zoo','Jausa jõgi','Latency 1.51min\r\n                  GPS 299',58.78761,22.65524,'2013-09-03 00:00:00','Is dead or has lost its collar, the signal comes from drainage tubes under the field. 2013-09-03');
/*!40000 ALTER TABLE `released_animals` ENABLE KEYS */;
UNLOCK TABLES;

--
-- Table structure for table `temperatures`
--

DROP TABLE IF EXISTS `temperatures`;
/*!40101 SET @saved_cs_client     = @@character_set_client */;
/*!40101 SET character_set_client = utf8 */;
CREATE TABLE `temperatures` (
  `id` int(11) NOT NULL AUTO_INCREMENT,
  `temperature` varchar(50) DEFAULT NULL,
  PRIMARY KEY (`id`)
) ENGINE=MyISAM AUTO_INCREMENT=6 DEFAULT CHARSET=utf8;
/*!40101 SET character_set_client = @saved_cs_client */;

--
-- Dumping data for table `temperatures`
--

LOCK TABLES `temperatures` WRITE;
/*!40000 ALTER TABLE `temperatures` DISABLE KEYS */;
INSERT INTO `temperatures` VALUES (1,'More than 20'),(2,'10 - 20'),(3,'5 -10'),(4,'0 - 5'),(5,'less than 0');
/*!40000 ALTER TABLE `temperatures` ENABLE KEYS */;
UNLOCK TABLES;

--
-- Table structure for table `users`
--

DROP TABLE IF EXISTS `users`;
/*!40101 SET @saved_cs_client     = @@character_set_client */;
/*!40101 SET character_set_client = utf8 */;
CREATE TABLE `users` (
  `id` int(11) NOT NULL AUTO_INCREMENT,
  `username` varchar(20) NOT NULL,
  `encrypted_password` varchar(255) NOT NULL,
  `salt` varchar(255) NOT NULL,
  `remember_token` varchar(255) DEFAULT NULL,
  PRIMARY KEY (`id`)
) ENGINE=MyISAM AUTO_INCREMENT=4 DEFAULT CHARSET=latin1;
/*!40101 SET character_set_client = @saved_cs_client */;

--
-- Dumping data for table `users`
--

LOCK TABLES `users` WRITE;
/*!40000 ALTER TABLE `users` DISABLE KEYS */;
INSERT INTO `users` VALUES (1,'lutreola','2faf73b2088cf73944600270e2057d69e311ca2ffb6278748d1c92053ed054a7','4f03b9c9bc1100b2b4fb08d603ac2b50de3c8e8d0ebaa62870bbe39d10e5b218','66e3f0292584c798317e28b6c7662257ffc598762cfcdb76c180fd42b8ba0e63'),(2,'inhortte','14c410fdab0e7efa1b3efc0b933ade0b2e16112d481de3b39691e44c9a86481e','91b2fcef1b85aadf882c6fb73de30a487061e8f148b5c10d3c6762c42e026326','47641df8f214250cd9dbaebe71f47bdd5e6fd1c3021416915b0d1799965e4202'),(3,'tiit','d6c1c933c976faa3472596867325056ebb562a6b32867a6df107087df206be42','722541ced5ad19949e20a77a2e2c2c981d28cd3e66e72816e7cb3eca7b595395','bc9687777c6c283b92c29b45efddad90b2f7e499d649d8eff1477642e028df54');
/*!40000 ALTER TABLE `users` ENABLE KEYS */;
UNLOCK TABLES;

--
-- Table structure for table `water_levels`
--

DROP TABLE IF EXISTS `water_levels`;
/*!40101 SET @saved_cs_client     = @@character_set_client */;
/*!40101 SET character_set_client = utf8 */;
CREATE TABLE `water_levels` (
  `id` int(11) NOT NULL AUTO_INCREMENT,
  `water_level` varchar(50) DEFAULT NULL,
  PRIMARY KEY (`id`)
) ENGINE=MyISAM AUTO_INCREMENT=5 DEFAULT CHARSET=utf8;
/*!40101 SET character_set_client = @saved_cs_client */;

--
-- Dumping data for table `water_levels`
--

LOCK TABLES `water_levels` WRITE;
/*!40000 ALTER TABLE `water_levels` DISABLE KEYS */;
INSERT INTO `water_levels` VALUES (1,'Dry'),(2,'Low'),(3,'Middle'),(4,'High');
/*!40000 ALTER TABLE `water_levels` ENABLE KEYS */;
UNLOCK TABLES;

--
-- Table structure for table `waterbody_types`
--

DROP TABLE IF EXISTS `waterbody_types`;
/*!40101 SET @saved_cs_client     = @@character_set_client */;
/*!40101 SET character_set_client = utf8 */;
CREATE TABLE `waterbody_types` (
  `id` int(11) NOT NULL AUTO_INCREMENT,
  `waterbody_type` varchar(50) DEFAULT NULL,
  PRIMARY KEY (`id`)
) ENGINE=MyISAM AUTO_INCREMENT=8 DEFAULT CHARSET=utf8;
/*!40101 SET character_set_client = @saved_cs_client */;

--
-- Dumping data for table `waterbody_types`
--

LOCK TABLES `waterbody_types` WRITE;
/*!40000 ALTER TABLE `waterbody_types` DISABLE KEYS */;
INSERT INTO `waterbody_types` VALUES (1,'No waterbody'),(2,'Sea'),(3,'Pond'),(4,'Lake'),(5,'Ditch (canal < 1 m wide)'),(6,'Canal'),(7,'River');
/*!40000 ALTER TABLE `waterbody_types` ENABLE KEYS */;
UNLOCK TABLES;
/*!40103 SET TIME_ZONE=@OLD_TIME_ZONE */;

/*!40101 SET SQL_MODE=@OLD_SQL_MODE */;
/*!40014 SET FOREIGN_KEY_CHECKS=@OLD_FOREIGN_KEY_CHECKS */;
/*!40014 SET UNIQUE_CHECKS=@OLD_UNIQUE_CHECKS */;
/*!40101 SET CHARACTER_SET_CLIENT=@OLD_CHARACTER_SET_CLIENT */;
/*!40101 SET CHARACTER_SET_RESULTS=@OLD_CHARACTER_SET_RESULTS */;
/*!40101 SET COLLATION_CONNECTION=@OLD_COLLATION_CONNECTION */;
/*!40111 SET SQL_NOTES=@OLD_SQL_NOTES */;

-- Dump completed on 2013-11-20 11:58:02
